school_slug,school_name,street_name,description,source_pdf
scoala_1,Școala Gimnazială nr. 1,Șoseaua Alba Iulia,De la intersectia cu raul Cibin pana la intersectia cu str.V.Carlova,1_Sc.Gimn.Nr1_Circumscriptia1.pdf
scoala_1,Școala Gimnazială nr. 1,Strada Bârsei,,1_Sc.Gimn.Nr1_Circumscriptia1.pdf
scoala_1,Școala Gimnazială nr. 1,Strada Bihorului,,1_Sc.Gimn.Nr1_Circumscriptia1.pdf
scoala_1,Școala Gimnazială nr. 1,Strada Bucovinei,,1_Sc.Gimn.Nr1_Circumscriptia1.pdf
scoala_1,Școala Gimnazială nr. 1,Strada Cristian,dela intersectia cu str.Saliste spre str.Maramuresului,1_Sc.Gimn.Nr1_Circumscriptia1.pdf
scoala_1,Școala Gimnazială nr. 1,Strada Dimitrie Cantemir,,1_Sc.Gimn.Nr1_Circumscriptia1.pdf
scoala_1,Școala Gimnazială nr. 1,Intrarea Dimitrie Cantemir,,1_Sc.Gimn.Nr1_Circumscriptia1.pdf
scoala_1,Școala Gimnazială nr. 1,Strada Dobrogei,,1_Sc.Gimn.Nr1_Circumscriptia1.pdf
scoala_1,Școala Gimnazială nr. 1,Strada Doljului,,1_Sc.Gimn.Nr1_Circumscriptia1.pdf
scoala_1,Școala Gimnazială nr. 1,Strada Fântânii,,1_Sc.Gimn.Nr1_Circumscriptia1.pdf
scoala_1,Școala Gimnazială nr. 1,Strada General Dragalina,,1_Sc.Gimn.Nr1_Circumscriptia1.pdf
scoala_1,Școala Gimnazială nr. 1,Strada Galeș,,1_Sc.Gimn.Nr1_Circumscriptia1.pdf
scoala_1,Școala Gimnazială nr. 1,Strada Gârlei,,1_Sc.Gimn.Nr1_Circumscriptia1.pdf
scoala_1,Școala Gimnazială nr. 1,Strada Gorjului,,1_Sc.Gimn.Nr1_Circumscriptia1.pdf
scoala_1,Școala Gimnazială nr. 1,Strada Hațegului,,1_Sc.Gimn.Nr1_Circumscriptia1.pdf
scoala_1,Școala Gimnazială nr. 1,Strada Ioan Albabei,,1_Sc.Gimn.Nr1_Circumscriptia1.pdf
scoala_1,Școala Gimnazială nr. 1,Strada Iosif Velceanu,,1_Sc.Gimn.Nr1_Circumscriptia1.pdf
scoala_1,Școala Gimnazială nr. 1,Strada Litovoi Vodă,,1_Sc.Gimn.Nr1_Circumscriptia1.pdf
scoala_1,Școala Gimnazială nr. 1,Strada Maramureșului,,1_Sc.Gimn.Nr1_Circumscriptia1.pdf
scoala_1,Școala Gimnazială nr. 1,Strada Moldovei,,1_Sc.Gimn.Nr1_Circumscriptia1.pdf
scoala_1,Școala Gimnazială nr. 1,Strada Munteniei,,1_Sc.Gimn.Nr1_Circumscriptia1.pdf
scoala_1,Școala Gimnazială nr. 1,Strada Nicolae Beldiceanu,,1_Sc.Gimn.Nr1_Circumscriptia1.pdf
scoala_1,Școala Gimnazială nr. 1,Strada Nicolae Copernic,,1_Sc.Gimn.Nr1_Circumscriptia1.pdf
scoala_1,Școala Gimnazială nr. 1,Strada Oașului,,1_Sc.Gimn.Nr1_Circumscriptia1.pdf
scoala_1,Școala Gimnazială nr. 1,Strada Olteniei,,1_Sc.Gimn.Nr1_Circumscriptia1.pdf
scoala_1,Școala Gimnazială nr. 1,Strada Poet Aron Cotruș,,1_Sc.Gimn.Nr1_Circumscriptia1.pdf
scoala_1,Școala Gimnazială nr. 1,Strada Poet Vasile Cârlova,de la str.Maramuresului panalaintersectia cu str.Transilvaniei,1_Sc.Gimn.Nr1_Circumscriptia1.pdf
scoala_1,Școala Gimnazială nr. 1,Strada Profesor Aurel Decei,,1_Sc.Gimn.Nr1_Circumscriptia1.pdf
scoala_1,Școala Gimnazială nr. 1,Strada Profesor Aurel Popa,,1_Sc.Gimn.Nr1_Circumscriptia1.pdf
scoala_1,Școala Gimnazială nr. 1,Strada Profesor Cornel Irimie,,1_Sc.Gimn.Nr1_Circumscriptia1.pdf
scoala_1,Școala Gimnazială nr. 1,Strada Profesor Ioan Moga,,1_Sc.Gimn.Nr1_Circumscriptia1.pdf
scoala_1,Școala Gimnazială nr. 1,Strada Săcel,Panala intersectiacustr.Talmacel,1_Sc.Gimn.Nr1_Circumscriptia1.pdf
scoala_1,Școala Gimnazială nr. 1,Strada Sălajului,,1_Sc.Gimn.Nr1_Circumscriptia1.pdf
scoala_1,Școala Gimnazială nr. 1,Strada Săliște,,1_Sc.Gimn.Nr1_Circumscriptia1.pdf
scoala_1,Școala Gimnazială nr. 1,Pasajul Spitalului,,1_Sc.Gimn.Nr1_Circumscriptia1.pdf
scoala_1,Școala Gimnazială nr. 1,Strada Ștrandului,,1_Sc.Gimn.Nr1_Circumscriptia1.pdf
scoala_1,Școala Gimnazială nr. 1,Strada Tălmăcel,,1_Sc.Gimn.Nr1_Circumscriptia1.pdf
scoala_1,Școala Gimnazială nr. 1,Strada Theodor Neculuță,,1_Sc.Gimn.Nr1_Circumscriptia1.pdf
scoala_1,Școala Gimnazială nr. 1,Strada Transilvaniei,De la str.Garleipana laintersectia cuB-dul Victoriei(partea dreaptä),1_Sc.Gimn.Nr1_Circumscriptia1.pdf
scoala_1,Școala Gimnazială nr. 1,Bulevardul Victoriei,De laPasajul Spitaluluipana la str.Gh.Soima,1_Sc.Gimn.Nr1_Circumscriptia1.pdf
scoala_1,Școala Gimnazială nr. 1,Strada Vrancei,,1_Sc.Gimn.Nr1_Circumscriptia1.pdf
scoala_2,Școala Gimnazială nr. 2,Strada 9 Mai,,2_ScGimn.Nr.2_Circumscriptia2.pdf
scoala_2,Școala Gimnazială nr. 2,Strada Abatorului,,2_ScGimn.Nr.2_Circumscriptia2.pdf
scoala_2,Școala Gimnazială nr. 2,Strada Argintarilor,,2_ScGimn.Nr.2_Circumscriptia2.pdf
scoala_2,Școala Gimnazială nr. 2,Piața Aurarilor,,2_ScGimn.Nr.2_Circumscriptia2.pdf
scoala_2,Școala Gimnazială nr. 2,Strada Avram Iancu,,2_ScGimn.Nr.2_Circumscriptia2.pdf
scoala_2,Școala Gimnazială nr. 2,Strada Azilului,,2_ScGimn.Nr.2_Circumscriptia2.pdf
scoala_2,Școala Gimnazială nr. 2,Strada Bărbierilor,,2_ScGimn.Nr.2_Circumscriptia2.pdf
scoala_2,Școala Gimnazială nr. 2,Strada Brutarilor,,2_ScGimn.Nr.2_Circumscriptia2.pdf
scoala_2,Școala Gimnazială nr. 2,Strada Cibinului,,2_ScGimn.Nr.2_Circumscriptia2.pdf
scoala_2,Școala Gimnazială nr. 2,Strada Constituției,,2_ScGimn.Nr.2_Circumscriptia2.pdf
scoala_2,Școala Gimnazială nr. 2,Strada Hurmuzache,,2_ScGimn.Nr.2_Circumscriptia2.pdf
scoala_2,Școala Gimnazială nr. 2,Strada Faurului,,2_ScGimn.Nr.2_Circumscriptia2.pdf
scoala_2,Școala Gimnazială nr. 2,Strada Felinarului,,2_ScGimn.Nr.2_Circumscriptia2.pdf
scoala_2,Școala Gimnazială nr. 2,Strada Filarmonicii,,2_ScGimn.Nr.2_Circumscriptia2.pdf
scoala_2,Școala Gimnazială nr. 2,Strada Funarilor,,2_ScGimn.Nr.2_Circumscriptia2.pdf
scoala_2,Școala Gimnazială nr. 2,Strada General Magheru,,2_ScGimn.Nr.2_Circumscriptia2.pdf
scoala_2,Școala Gimnazială nr. 2,Strada Gheorghe Lazăr,,2_ScGimn.Nr.2_Circumscriptia2.pdf
scoala_2,Școala Gimnazială nr. 2,Piața Albert Huet,,2_ScGimn.Nr.2_Circumscriptia2.pdf
scoala_2,Școala Gimnazială nr. 2,Strada Liviu Rebreanu,,2_ScGimn.Nr.2_Circumscriptia2.pdf
scoala_2,Școala Gimnazială nr. 2,Strada Manejului,,2_ScGimn.Nr.2_Circumscriptia2.pdf
scoala_2,Școala Gimnazială nr. 2,Piața Mare,,2_ScGimn.Nr.2_Circumscriptia2.pdf
scoala_2,Școala Gimnazială nr. 2,Piața Mică,,2_ScGimn.Nr.2_Circumscriptia2.pdf
scoala_2,Școala Gimnazială nr. 2,Strada Moș Ion Roată,,2_ScGimn.Nr.2_Circumscriptia2.pdf
scoala_2,Școala Gimnazială nr. 2,Strada Movilei,,2_ScGimn.Nr.2_Circumscriptia2.pdf
scoala_2,Școala Gimnazială nr. 2,Strada Nicolae Teclu,,2_ScGimn.Nr.2_Circumscriptia2.pdf
scoala_2,Școala Gimnazială nr. 2,Strada Nouă,,2_ScGimn.Nr.2_Circumscriptia2.pdf
scoala_2,Școala Gimnazială nr. 2,Strada Ocnei,,2_ScGimn.Nr.2_Circumscriptia2.pdf
scoala_2,Școala Gimnazială nr. 2,Strada Olarilor,,2_ScGimn.Nr.2_Circumscriptia2.pdf
scoala_2,Școala Gimnazială nr. 2,Strada Pielarilor,,2_ScGimn.Nr.2_Circumscriptia2.pdf
scoala_2,Școala Gimnazială nr. 2,Strada Pietrarilor,,2_ScGimn.Nr.2_Circumscriptia2.pdf
scoala_2,Școala Gimnazială nr. 2,Strada Plopilor,,2_ScGimn.Nr.2_Circumscriptia2.pdf
scoala_2,Școala Gimnazială nr. 2,Strada Pulberăriei,,2_ScGimn.Nr.2_Circumscriptia2.pdf
scoala_2,Școala Gimnazială nr. 2,Strada N.R. Korsakov,,2_ScGimn.Nr.2_Circumscriptia2.pdf
scoala_2,Școala Gimnazială nr. 2,Strada Rotarilor,,2_ScGimn.Nr.2_Circumscriptia2.pdf
scoala_2,Școala Gimnazială nr. 2,Strada Sapunarilor,,2_ScGimn.Nr.2_Circumscriptia2.pdf
scoala_2,Școala Gimnazială nr. 2,Pasajul Scărilor,,2_ScGimn.Nr.2_Circumscriptia2.pdf
scoala_2,Școala Gimnazială nr. 2,Pasajul Școlii,,2_ScGimn.Nr.2_Circumscriptia2.pdf
scoala_2,Școala Gimnazială nr. 2,Strada Șelarilor,,2_ScGimn.Nr.2_Circumscriptia2.pdf
scoala_2,Școala Gimnazială nr. 2,Strada Sofocle,,2_ScGimn.Nr.2_Circumscriptia2.pdf
scoala_2,Școala Gimnazială nr. 2,Strada Târgul Fânului,,2_ScGimn.Nr.2_Circumscriptia2.pdf
scoala_2,Școala Gimnazială nr. 2,Strada Târgu Vinului,,2_ScGimn.Nr.2_Circumscriptia2.pdf
scoala_2,Școala Gimnazială nr. 2,Strada Târgului,,2_ScGimn.Nr.2_Circumscriptia2.pdf
scoala_2,Școala Gimnazială nr. 2,Aleea Țesătorilor,,2_ScGimn.Nr.2_Circumscriptia2.pdf
scoala_2,Școala Gimnazială nr. 2,Strada Turnului,"panalaCibin,parteadreapta",2_ScGimn.Nr.2_Circumscriptia2.pdf
scoala_2,Școala Gimnazială nr. 2,Strada Valea Mare,,2_ScGimn.Nr.2_Circumscriptia2.pdf
scoala_2,Școala Gimnazială nr. 2,Strada Victor Tordasianu,,2_ScGimn.Nr.2_Circumscriptia2.pdf
scoala_2,Școala Gimnazială nr. 2,Strada Vopsitorilor,,2_ScGimn.Nr.2_Circumscriptia2.pdf
scoala_4,Școala Gimnazială nr. 4,Piața 1 Decembrie 1918,,3_Sc.Gimn.Nr.4_Cricumscriptia3.pdf
scoala_4,Școala Gimnazială nr. 4,Strada Axente Sever,,3_Sc.Gimn.Nr.4_Cricumscriptia3.pdf
scoala_4,Școala Gimnazială nr. 4,Strada Bâlea,,3_Sc.Gimn.Nr.4_Cricumscriptia3.pdf
scoala_4,Școala Gimnazială nr. 4,Strada Blănarilor,,3_Sc.Gimn.Nr.4_Cricumscriptia3.pdf
scoala_4,Școala Gimnazială nr. 4,Strada Bucegi,,3_Sc.Gimn.Nr.4_Cricumscriptia3.pdf
scoala_4,Școala Gimnazială nr. 4,Strada Budislavu,,3_Sc.Gimn.Nr.4_Cricumscriptia3.pdf
scoala_4,Școala Gimnazială nr. 4,Strada Călțun,,3_Sc.Gimn.Nr.4_Cricumscriptia3.pdf
scoala_4,Școala Gimnazială nr. 4,Strada Cărbunelui,,3_Sc.Gimn.Nr.4_Cricumscriptia3.pdf
scoala_4,Școala Gimnazială nr. 4,Strada Constantin (Costache) Negruzzi,,3_Sc.Gimn.Nr.4_Cricumscriptia3.pdf
scoala_4,Școala Gimnazială nr. 4,Strada Constantin Noica,delastradaRevolutieipanalastradaBalea,3_Sc.Gimn.Nr.4_Cricumscriptia3.pdf
scoala_4,Școala Gimnazială nr. 4,Bulevardul Corneliu Coposu,,3_Sc.Gimn.Nr.4_Cricumscriptia3.pdf
scoala_4,Școala Gimnazială nr. 4,Strada Depoului,,3_Sc.Gimn.Nr.4_Cricumscriptia3.pdf
scoala_4,Școala Gimnazială nr. 4,Strada Diaconul Coressi,,3_Sc.Gimn.Nr.4_Cricumscriptia3.pdf
scoala_4,Școala Gimnazială nr. 4,Strada Eftimie Murgu,,3_Sc.Gimn.Nr.4_Cricumscriptia3.pdf
scoala_4,Școala Gimnazială nr. 4,Strada Fabricii,,3_Sc.Gimn.Nr.4_Cricumscriptia3.pdf
scoala_4,Școala Gimnazială nr. 4,Strada Fochiștilor,,3_Sc.Gimn.Nr.4_Cricumscriptia3.pdf
scoala_4,Școala Gimnazială nr. 4,Strada Frații Grachi,,3_Sc.Gimn.Nr.4_Cricumscriptia3.pdf
scoala_4,Școala Gimnazială nr. 4,Strada General Vasile Milea,dinspre scoala),3_Sc.Gimn.Nr.4_Cricumscriptia3.pdf
scoala_4,Școala Gimnazială nr. 4,Strada Galileo Galilei,,3_Sc.Gimn.Nr.4_Cricumscriptia3.pdf
scoala_4,Școala Gimnazială nr. 4,Strada George Enescu,,3_Sc.Gimn.Nr.4_Cricumscriptia3.pdf
scoala_4,Școala Gimnazială nr. 4,Strada Gheorghe Țițeica,,3_Sc.Gimn.Nr.4_Cricumscriptia3.pdf
scoala_4,Școala Gimnazială nr. 4,Strada Ghețăriei,,3_Sc.Gimn.Nr.4_Cricumscriptia3.pdf
scoala_4,Școala Gimnazială nr. 4,Strada Gimnasticii,,3_Sc.Gimn.Nr.4_Cricumscriptia3.pdf
scoala_4,Școala Gimnazială nr. 4,Strada Giuseppe Garibaldi,,3_Sc.Gimn.Nr.4_Cricumscriptia3.pdf
scoala_4,Școala Gimnazială nr. 4,Strada Hegel,,3_Sc.Gimn.Nr.4_Cricumscriptia3.pdf
scoala_4,Școala Gimnazială nr. 4,Strada Hermann Oberth,,3_Sc.Gimn.Nr.4_Cricumscriptia3.pdf
scoala_4,Școala Gimnazială nr. 4,Strada Independenței,,3_Sc.Gimn.Nr.4_Cricumscriptia3.pdf
scoala_4,Școala Gimnazială nr. 4,Strada Ion Creangă,,3_Sc.Gimn.Nr.4_Cricumscriptia3.pdf
scoala_4,Școala Gimnazială nr. 4,Strada Izvorului,,3_Sc.Gimn.Nr.4_Cricumscriptia3.pdf
scoala_4,Școala Gimnazială nr. 4,Strada James Watt,,3_Sc.Gimn.Nr.4_Cricumscriptia3.pdf
scoala_4,Școala Gimnazială nr. 4,Strada Lector,,3_Sc.Gimn.Nr.4_Cricumscriptia3.pdf
scoala_4,Școala Gimnazială nr. 4,Strada Lirei,,3_Sc.Gimn.Nr.4_Cricumscriptia3.pdf
scoala_4,Școala Gimnazială nr. 4,Strada Locomotivei,,3_Sc.Gimn.Nr.4_Cricumscriptia3.pdf
scoala_4,Școala Gimnazială nr. 4,Strada Lucian Blaga,,3_Sc.Gimn.Nr.4_Cricumscriptia3.pdf
scoala_4,Școala Gimnazială nr. 4,Strada Măgura,de la str.Titeica pana la intersectia cu str.Suru,3_Sc.Gimn.Nr.4_Cricumscriptia3.pdf
scoala_4,Școala Gimnazială nr. 4,Strada Moldoveanu,pana la intersectia cu str. Samuel MicuKlein,3_Sc.Gimn.Nr.4_Cricumscriptia3.pdf
scoala_4,Școala Gimnazială nr. 4,Strada Negoi,,3_Sc.Gimn.Nr.4_Cricumscriptia3.pdf
scoala_4,Școala Gimnazială nr. 4,Strada Nicolae Titulescu,,3_Sc.Gimn.Nr.4_Cricumscriptia3.pdf
scoala_4,Școala Gimnazială nr. 4,Strada Pescarilor,,3_Sc.Gimn.Nr.4_Cricumscriptia3.pdf
scoala_4,Școala Gimnazială nr. 4,Strada Podragu,,3_Sc.Gimn.Nr.4_Cricumscriptia3.pdf
scoala_4,Școala Gimnazială nr. 4,Strada Regele Ferdinand,,3_Sc.Gimn.Nr.4_Cricumscriptia3.pdf
scoala_4,Școala Gimnazială nr. 4,Strada Samuel Micu Klein,,3_Sc.Gimn.Nr.4_Cricumscriptia3.pdf
scoala_4,Școala Gimnazială nr. 4,Strada Șerbota,,3_Sc.Gimn.Nr.4_Cricumscriptia3.pdf
scoala_4,Școala Gimnazială nr. 4,Strada Simion Mehedinți,,3_Sc.Gimn.Nr.4_Cricumscriptia3.pdf
scoala_4,Școala Gimnazială nr. 4,Strada Socului,,3_Sc.Gimn.Nr.4_Cricumscriptia3.pdf
scoala_4,Școala Gimnazială nr. 4,Strada Spartacus,,3_Sc.Gimn.Nr.4_Cricumscriptia3.pdf
scoala_4,Școala Gimnazială nr. 4,Strada Ștefan cel Mare,de la str.Revolutiei pana la str. Ceferistilor,3_Sc.Gimn.Nr.4_Cricumscriptia3.pdf
scoala_4,Școala Gimnazială nr. 4,Strada Suru,,3_Sc.Gimn.Nr.4_Cricumscriptia3.pdf
scoala_4,Școala Gimnazială nr. 4,Strada Urlea,,3_Sc.Gimn.Nr.4_Cricumscriptia3.pdf
scoala_4,Școala Gimnazială nr. 4,Strada Uzinei,,3_Sc.Gimn.Nr.4_Cricumscriptia3.pdf
scoala_4,Școala Gimnazială nr. 4,Strada Vârtopu,,3_Sc.Gimn.Nr.4_Cricumscriptia3.pdf
scoala_4,Școala Gimnazială nr. 4,Strada Victor Hugo,,3_Sc.Gimn.Nr.4_Cricumscriptia3.pdf
scoala_8,Școala Gimnazială nr. 8,Strada Abrud,,4_Sc.Gimn.Nr.8_Circumscriptia4.pdf
scoala_8,Școala Gimnazială nr. 8,Strada Albinelor,,4_Sc.Gimn.Nr.8_Circumscriptia4.pdf
scoala_8,Școala Gimnazială nr. 8,Strada Ana Ipătescu,,4_Sc.Gimn.Nr.8_Circumscriptia4.pdf
scoala_8,Școala Gimnazială nr. 8,Strada Anina,,4_Sc.Gimn.Nr.8_Circumscriptia4.pdf
scoala_8,Școala Gimnazială nr. 8,Strada Armoniei,,4_Sc.Gimn.Nr.8_Circumscriptia4.pdf
scoala_8,Școala Gimnazială nr. 8,Strada Băicoi,,4_Sc.Gimn.Nr.8_Circumscriptia4.pdf
scoala_8,Școala Gimnazială nr. 8,Strada Călan,,4_Sc.Gimn.Nr.8_Circumscriptia4.pdf
scoala_8,Școala Gimnazială nr. 8,Strada Ciorcârliei,,4_Sc.Gimn.Nr.8_Circumscriptia4.pdf
scoala_8,Școala Gimnazială nr. 8,Strada Crinilor,,4_Sc.Gimn.Nr.8_Circumscriptia4.pdf
scoala_8,Școala Gimnazială nr. 8,Strada Crișului,,4_Sc.Gimn.Nr.8_Circumscriptia4.pdf
scoala_8,Școala Gimnazială nr. 8,Strada Cugir,,4_Sc.Gimn.Nr.8_Circumscriptia4.pdf
scoala_8,Școala Gimnazială nr. 8,Strada Decebal,,4_Sc.Gimn.Nr.8_Circumscriptia4.pdf
scoala_8,Școala Gimnazială nr. 8,Strada Egalității,,4_Sc.Gimn.Nr.8_Circumscriptia4.pdf
scoala_8,Școala Gimnazială nr. 8,Strada Gării,,4_Sc.Gimn.Nr.8_Circumscriptia4.pdf
scoala_8,Școala Gimnazială nr. 8,Strada Gheorghe Doja,,4_Sc.Gimn.Nr.8_Circumscriptia4.pdf
scoala_8,Școala Gimnazială nr. 8,Calea Gușteriței,,4_Sc.Gimn.Nr.8_Circumscriptia4.pdf
scoala_8,Școala Gimnazială nr. 8,Strada Heinrich Heine,,4_Sc.Gimn.Nr.8_Circumscriptia4.pdf
scoala_8,Școala Gimnazială nr. 8,Strada Iacob Bologa,,4_Sc.Gimn.Nr.8_Circumscriptia4.pdf
scoala_8,Școala Gimnazială nr. 8,Strada Ion Popovici-Bănățeanu,,4_Sc.Gimn.Nr.8_Circumscriptia4.pdf
scoala_8,Școala Gimnazială nr. 8,Strada Iuliu Maniu,,4_Sc.Gimn.Nr.8_Circumscriptia4.pdf
scoala_8,Școala Gimnazială nr. 8,Strada Johann Sebastian Bach,,4_Sc.Gimn.Nr.8_Circumscriptia4.pdf
scoala_8,Școala Gimnazială nr. 8,Strada General Jean Maximilien Lamarque,,4_Sc.Gimn.Nr.8_Circumscriptia4.pdf
scoala_8,Școala Gimnazială nr. 8,Strada Lupeni,,4_Sc.Gimn.Nr.8_Circumscriptia4.pdf
scoala_8,Școala Gimnazială nr. 8,Fundătura Lupeni,,4_Sc.Gimn.Nr.8_Circumscriptia4.pdf
scoala_8,Școala Gimnazială nr. 8,Strada Moara de Scoarță,,4_Sc.Gimn.Nr.8_Circumscriptia4.pdf
scoala_8,Școala Gimnazială nr. 8,Strada Moreni,,4_Sc.Gimn.Nr.8_Circumscriptia4.pdf
scoala_8,Școala Gimnazială nr. 8,Strada Muncii,,4_Sc.Gimn.Nr.8_Circumscriptia4.pdf
scoala_8,Școala Gimnazială nr. 8,Strada Mureșului,,4_Sc.Gimn.Nr.8_Circumscriptia4.pdf
scoala_8,Școala Gimnazială nr. 8,Strada Nicolae N. Balasescu,,4_Sc.Gimn.Nr.8_Circumscriptia4.pdf
scoala_8,Școala Gimnazială nr. 8,Strada Octavian Smighelschi,,4_Sc.Gimn.Nr.8_Circumscriptia4.pdf
scoala_8,Școala Gimnazială nr. 8,Strada Oltului,,4_Sc.Gimn.Nr.8_Circumscriptia4.pdf
scoala_8,Școala Gimnazială nr. 8,Strada Ovidiu,,4_Sc.Gimn.Nr.8_Circumscriptia4.pdf
scoala_8,Școala Gimnazială nr. 8,Strada Petrila,,4_Sc.Gimn.Nr.8_Circumscriptia4.pdf
scoala_8,Școala Gimnazială nr. 8,Strada Petru Poni,,4_Sc.Gimn.Nr.8_Circumscriptia4.pdf
scoala_8,Școala Gimnazială nr. 8,Strada Porumbeilor,,4_Sc.Gimn.Nr.8_Circumscriptia4.pdf
scoala_8,Școala Gimnazială nr. 8,Strada Prometeu,,4_Sc.Gimn.Nr.8_Circumscriptia4.pdf
scoala_8,Școala Gimnazială nr. 8,Strada Rândunelelor,,4_Sc.Gimn.Nr.8_Circumscriptia4.pdf
scoala_8,Școala Gimnazială nr. 8,Strada Reșița,,4_Sc.Gimn.Nr.8_Circumscriptia4.pdf
scoala_8,Școala Gimnazială nr. 8,Strada Sandu Aldea,,4_Sc.Gimn.Nr.8_Circumscriptia4.pdf
scoala_8,Școala Gimnazială nr. 8,Strada Șerpuită,,4_Sc.Gimn.Nr.8_Circumscriptia4.pdf
scoala_8,Școala Gimnazială nr. 8,Strada Teilor,,4_Sc.Gimn.Nr.8_Circumscriptia4.pdf
scoala_8,Școala Gimnazială nr. 8,Strada Teliuc,,4_Sc.Gimn.Nr.8_Circumscriptia4.pdf
scoala_8,Școala Gimnazială nr. 8,Strada Tohan,,4_Sc.Gimn.Nr.8_Circumscriptia4.pdf
scoala_8,Școala Gimnazială nr. 8,Strada Traian,,4_Sc.Gimn.Nr.8_Circumscriptia4.pdf
scoala_8,Școala Gimnazială nr. 8,Strada August Treboniu Laurian,,4_Sc.Gimn.Nr.8_Circumscriptia4.pdf
scoala_8,Școala Gimnazială nr. 8,Strada Vânătorilor,,4_Sc.Gimn.Nr.8_Circumscriptia4.pdf
scoala_8,Școala Gimnazială nr. 8,Strada Viitorului,,4_Sc.Gimn.Nr.8_Circumscriptia4.pdf
scoala_8,Școala Gimnazială nr. 8,Strada Vulcan,,4_Sc.Gimn.Nr.8_Circumscriptia4.pdf
scoala_8,Școala Gimnazială nr. 8,Strada Zoriv,,4_Sc.Gimn.Nr.8_Circumscriptia4.pdf
liceu_carol_1,"Liceu Tehnologic de Construcții și Arhitectură ""Carol I""",Strada 16 Februarie,,5_Lic.Teh.Carol I_Circ 5.pdf
liceu_carol_1,"Liceu Tehnologic de Construcții și Arhitectură ""Carol I""",Șoseaua Alba Iulia,delacaleaferata(intersectiacustr.Trifoiului)spreoras,5_Lic.Teh.Carol I_Circ 5.pdf
liceu_carol_1,"Liceu Tehnologic de Construcții și Arhitectură ""Carol I""",Strada Alpinismului,,5_Lic.Teh.Carol I_Circ 5.pdf
liceu_carol_1,"Liceu Tehnologic de Construcții și Arhitectură ""Carol I""",Strada Autogării,,5_Lic.Teh.Carol I_Circ 5.pdf
liceu_carol_1,"Liceu Tehnologic de Construcții și Arhitectură ""Carol I""",Strada Charles Darwin,,5_Lic.Teh.Carol I_Circ 5.pdf
liceu_carol_1,"Liceu Tehnologic de Construcții și Arhitectură ""Carol I""",Piața Cibin,,5_Lic.Teh.Carol I_Circ 5.pdf
liceu_carol_1,"Liceu Tehnologic de Construcții și Arhitectură ""Carol I""",Strada Coralului,,5_Lic.Teh.Carol I_Circ 5.pdf
liceu_carol_1,"Liceu Tehnologic de Construcții și Arhitectură ""Carol I""",Strada Distribuției,,5_Lic.Teh.Carol I_Circ 5.pdf
liceu_carol_1,"Liceu Tehnologic de Construcții și Arhitectură ""Carol I""",Strada Frigoriferului,,5_Lic.Teh.Carol I_Circ 5.pdf
liceu_carol_1,"Liceu Tehnologic de Construcții și Arhitectură ""Carol I""",Strada Fuiorului,,5_Lic.Teh.Carol I_Circ 5.pdf
liceu_carol_1,"Liceu Tehnologic de Construcții și Arhitectură ""Carol I""",Strada Garoafei,,5_Lic.Teh.Carol I_Circ 5.pdf
liceu_carol_1,"Liceu Tehnologic de Construcții și Arhitectură ""Carol I""",Strada Grădinarilor,,5_Lic.Teh.Carol I_Circ 5.pdf
liceu_carol_1,"Liceu Tehnologic de Construcții și Arhitectură ""Carol I""",Strada Hameiului,,5_Lic.Teh.Carol I_Circ 5.pdf
liceu_carol_1,"Liceu Tehnologic de Construcții și Arhitectură ""Carol I""",Strada Ion Neculce,,5_Lic.Teh.Carol I_Circ 5.pdf
liceu_carol_1,"Liceu Tehnologic de Construcții și Arhitectură ""Carol I""",Strada Lalelelor,,5_Lic.Teh.Carol I_Circ 5.pdf
liceu_carol_1,"Liceu Tehnologic de Construcții și Arhitectură ""Carol I""",Strada Lânii,,5_Lic.Teh.Carol I_Circ 5.pdf
liceu_carol_1,"Liceu Tehnologic de Construcții și Arhitectură ""Carol I""",Fundătura Lânii,,5_Lic.Teh.Carol I_Circ 5.pdf
liceu_carol_1,"Liceu Tehnologic de Construcții și Arhitectură ""Carol I""",Strada Lemnelor,,5_Lic.Teh.Carol I_Circ 5.pdf
liceu_carol_1,"Liceu Tehnologic de Construcții și Arhitectură ""Carol I""",Strada Malului,,5_Lic.Teh.Carol I_Circ 5.pdf
liceu_carol_1,"Liceu Tehnologic de Construcții și Arhitectură ""Carol I""",Strada Metalurgiștilor,,5_Lic.Teh.Carol I_Circ 5.pdf
liceu_carol_1,"Liceu Tehnologic de Construcții și Arhitectură ""Carol I""",Strada Morilor,,5_Lic.Teh.Carol I_Circ 5.pdf
liceu_carol_1,"Liceu Tehnologic de Construcții și Arhitectură ""Carol I""",Strada Onisifor Ghibu,,5_Lic.Teh.Carol I_Circ 5.pdf
liceu_carol_1,"Liceu Tehnologic de Construcții și Arhitectură ""Carol I""",Strada Partenie Cosma,,5_Lic.Teh.Carol I_Circ 5.pdf
liceu_carol_1,"Liceu Tehnologic de Construcții și Arhitectură ""Carol I""",Strada Pedagogilor,,5_Lic.Teh.Carol I_Circ 5.pdf
liceu_carol_1,"Liceu Tehnologic de Construcții și Arhitectură ""Carol I""",Strada Râului,,5_Lic.Teh.Carol I_Circ 5.pdf
liceu_carol_1,"Liceu Tehnologic de Construcții și Arhitectură ""Carol I""",Calea Șurii Mici,,5_Lic.Teh.Carol I_Circ 5.pdf
liceu_carol_1,"Liceu Tehnologic de Construcții și Arhitectură ""Carol I""",Calea Turnișorului,delastr.Distributiei lastr.M.Kogalniceanu,5_Lic.Teh.Carol I_Circ 5.pdf
liceu_carol_1,"Liceu Tehnologic de Construcții și Arhitectură ""Carol I""",Strada Afinelor,,5_Lic.Teh.Carol I_Circ 5.pdf
liceu_carol_1,"Liceu Tehnologic de Construcții și Arhitectură ""Carol I""",Strada Agricultorilor,,5_Lic.Teh.Carol I_Circ 5.pdf
liceu_carol_1,"Liceu Tehnologic de Construcții și Arhitectură ""Carol I""",Strada Aviației,,5_Lic.Teh.Carol I_Circ 5.pdf
liceu_carol_1,"Liceu Tehnologic de Construcții și Arhitectură ""Carol I""",Strada Barcelona,,5_Lic.Teh.Carol I_Circ 5.pdf
liceu_carol_1,"Liceu Tehnologic de Construcții și Arhitectură ""Carol I""",Strada Berna,,5_Lic.Teh.Carol I_Circ 5.pdf
liceu_carol_1,"Liceu Tehnologic de Construcții și Arhitectură ""Carol I""",Strada Bruxelles,,5_Lic.Teh.Carol I_Circ 5.pdf
liceu_carol_1,"Liceu Tehnologic de Construcții și Arhitectură ""Carol I""",Strada Campsor,,5_Lic.Teh.Carol I_Circ 5.pdf
liceu_carol_1,"Liceu Tehnologic de Construcții și Arhitectură ""Carol I""",Strada Cimitirului,,5_Lic.Teh.Carol I_Circ 5.pdf
liceu_carol_1,"Liceu Tehnologic de Construcții și Arhitectură ""Carol I""",Strada Cooperatorilor,,5_Lic.Teh.Carol I_Circ 5.pdf
liceu_carol_1,"Liceu Tehnologic de Construcții și Arhitectură ""Carol I""",Strada Cucului,,5_Lic.Teh.Carol I_Circ 5.pdf
liceu_carol_1,"Liceu Tehnologic de Construcții și Arhitectură ""Carol I""",Strada D.D. Roșca,,5_Lic.Teh.Carol I_Circ 5.pdf
liceu_carol_1,"Liceu Tehnologic de Construcții și Arhitectură ""Carol I""",Strada Dreptății,,5_Lic.Teh.Carol I_Circ 5.pdf
liceu_carol_1,"Liceu Tehnologic de Construcții și Arhitectură ""Carol I""",Strada Eduard Albert Bielz,,5_Lic.Teh.Carol I_Circ 5.pdf
liceu_carol_1,"Liceu Tehnologic de Construcții și Arhitectură ""Carol I""",Strada Europa Unită,,5_Lic.Teh.Carol I_Circ 5.pdf
liceu_carol_1,"Liceu Tehnologic de Construcții și Arhitectură ""Carol I""",Strada Florian Rieger,,5_Lic.Teh.Carol I_Circ 5.pdf
liceu_carol_1,"Liceu Tehnologic de Construcții și Arhitectură ""Carol I""",Strada Frunzei,,5_Lic.Teh.Carol I_Circ 5.pdf
liceu_carol_1,"Liceu Tehnologic de Construcții și Arhitectură ""Carol I""",Strada Geneva,,5_Lic.Teh.Carol I_Circ 5.pdf
liceu_carol_1,"Liceu Tehnologic de Construcții și Arhitectură ""Carol I""",Strada George Topârceanu,,5_Lic.Teh.Carol I_Circ 5.pdf
liceu_carol_1,"Liceu Tehnologic de Construcții și Arhitectură ""Carol I""",Strada Gheorghe Asachi,,5_Lic.Teh.Carol I_Circ 5.pdf
liceu_carol_1,"Liceu Tehnologic de Construcții și Arhitectură ""Carol I""",Strada Ghiocelului,,5_Lic.Teh.Carol I_Circ 5.pdf
liceu_carol_1,"Liceu Tehnologic de Construcții și Arhitectură ""Carol I""",Strada Grâului,,5_Lic.Teh.Carol I_Circ 5.pdf
liceu_carol_1,"Liceu Tehnologic de Construcții și Arhitectură ""Carol I""",Piața Iancu de Hunedoara,,5_Lic.Teh.Carol I_Circ 5.pdf
liceu_carol_1,"Liceu Tehnologic de Construcții și Arhitectură ""Carol I""",Aleea Iasomiei,,5_Lic.Teh.Carol I_Circ 5.pdf
liceu_carol_1,"Liceu Tehnologic de Construcții și Arhitectură ""Carol I""",Strada Iazul Morii,,5_Lic.Teh.Carol I_Circ 5.pdf
liceu_carol_1,"Liceu Tehnologic de Construcții și Arhitectură ""Carol I""",Strada Ioana Cantacuzino,,5_Lic.Teh.Carol I_Circ 5.pdf
liceu_carol_1,"Liceu Tehnologic de Construcții și Arhitectură ""Carol I""",Strada Ion Agarbiceanu,,5_Lic.Teh.Carol I_Circ 5.pdf
liceu_carol_1,"Liceu Tehnologic de Construcții și Arhitectură ""Carol I""",Strada Livezii,,5_Lic.Teh.Carol I_Circ 5.pdf
liceu_carol_1,"Liceu Tehnologic de Construcții și Arhitectură ""Carol I""",Strada Lucernei,,5_Lic.Teh.Carol I_Circ 5.pdf
liceu_carol_1,"Liceu Tehnologic de Construcții și Arhitectură ""Carol I""",Strada Lyon,,5_Lic.Teh.Carol I_Circ 5.pdf
liceu_carol_1,"Liceu Tehnologic de Construcții și Arhitectură ""Carol I""",Strada Măslinului,,5_Lic.Teh.Carol I_Circ 5.pdf
liceu_carol_1,"Liceu Tehnologic de Construcții și Arhitectură ""Carol I""",Strada Milano,,5_Lic.Teh.Carol I_Circ 5.pdf
liceu_carol_1,"Liceu Tehnologic de Construcții și Arhitectură ""Carol I""",Strada Monaco,,5_Lic.Teh.Carol I_Circ 5.pdf
liceu_carol_1,"Liceu Tehnologic de Construcții și Arhitectură ""Carol I""",Strada München,,5_Lic.Teh.Carol I_Circ 5.pdf
liceu_carol_1,"Liceu Tehnologic de Construcții și Arhitectură ""Carol I""",Strada Neppendorf,,5_Lic.Teh.Carol I_Circ 5.pdf
liceu_carol_1,"Liceu Tehnologic de Construcții și Arhitectură ""Carol I""",Strada Ogorului,,5_Lic.Teh.Carol I_Circ 5.pdf
liceu_carol_1,"Liceu Tehnologic de Construcții și Arhitectură ""Carol I""",Strada Orzului,,5_Lic.Teh.Carol I_Circ 5.pdf
liceu_carol_1,"Liceu Tehnologic de Construcții și Arhitectură ""Carol I""",Strada Ovăzului,,5_Lic.Teh.Carol I_Circ 5.pdf
liceu_carol_1,"Liceu Tehnologic de Construcții și Arhitectură ""Carol I""",Aleea Pajiștei,,5_Lic.Teh.Carol I_Circ 5.pdf
liceu_carol_1,"Liceu Tehnologic de Construcții și Arhitectură ""Carol I""",Strada Pomicultorilor,,5_Lic.Teh.Carol I_Circ 5.pdf
liceu_carol_1,"Liceu Tehnologic de Construcții și Arhitectură ""Carol I""",Strada Rozmarinului,,5_Lic.Teh.Carol I_Circ 5.pdf
liceu_carol_1,"Liceu Tehnologic de Construcții și Arhitectură ""Carol I""",Strada Salzburg,,5_Lic.Teh.Carol I_Circ 5.pdf
liceu_carol_1,"Liceu Tehnologic de Construcții și Arhitectură ""Carol I""",Strada Scurta,,5_Lic.Teh.Carol I_Circ 5.pdf
liceu_carol_1,"Liceu Tehnologic de Construcții și Arhitectură ""Carol I""",Strada Seceratoarelor,,5_Lic.Teh.Carol I_Circ 5.pdf
liceu_carol_1,"Liceu Tehnologic de Construcții și Arhitectură ""Carol I""",Strada Semănătoarelor,,5_Lic.Teh.Carol I_Circ 5.pdf
liceu_carol_1,"Liceu Tehnologic de Construcții și Arhitectură ""Carol I""",Strada Stăvilarului,,5_Lic.Teh.Carol I_Circ 5.pdf
liceu_carol_1,"Liceu Tehnologic de Construcții și Arhitectură ""Carol I""",Strada Stefan Octavian Iosif,,5_Lic.Teh.Carol I_Circ 5.pdf
liceu_carol_1,"Liceu Tehnologic de Construcții și Arhitectură ""Carol I""",Strada Traianvuia,,5_Lic.Teh.Carol I_Circ 5.pdf
liceu_carol_1,"Liceu Tehnologic de Construcții și Arhitectură ""Carol I""",Strada Trandafirului,,5_Lic.Teh.Carol I_Circ 5.pdf
liceu_carol_1,"Liceu Tehnologic de Construcții și Arhitectură ""Carol I""",Strada Trifoiului,,5_Lic.Teh.Carol I_Circ 5.pdf
liceu_carol_1,"Liceu Tehnologic de Construcții și Arhitectură ""Carol I""",Strada Turda,,5_Lic.Teh.Carol I_Circ 5.pdf
liceu_carol_1,"Liceu Tehnologic de Construcții și Arhitectură ""Carol I""",Strada Varsovia,,5_Lic.Teh.Carol I_Circ 5.pdf
liceu_carol_1,"Liceu Tehnologic de Construcții și Arhitectură ""Carol I""",Strada Verzariei Roma,,5_Lic.Teh.Carol I_Circ 5.pdf
liceu_carol_1,"Liceu Tehnologic de Construcții și Arhitectură ""Carol I""",Strada Zăvoi,,5_Lic.Teh.Carol I_Circ 5.pdf
scoala_13,Școala Gimnazială nr. 13,Strada Cameliei,,6_Sc.Gimn.Nr.13_Circumscriptia6.pdf
scoala_13,Școala Gimnazială nr. 13,Intrarea Constantin I. Nottara,,6_Sc.Gimn.Nr.13_Circumscriptia6.pdf
scoala_13,Școala Gimnazială nr. 13,Strada Constantin I. Nottara,,6_Sc.Gimn.Nr.13_Circumscriptia6.pdf
scoala_13,Școala Gimnazială nr. 13,Aleea Crăițelor,,6_Sc.Gimn.Nr.13_Circumscriptia6.pdf
scoala_13,Școala Gimnazială nr. 13,Strada Daliei,,6_Sc.Gimn.Nr.13_Circumscriptia6.pdf
scoala_13,Școala Gimnazială nr. 13,Strada Democrației,,6_Sc.Gimn.Nr.13_Circumscriptia6.pdf
scoala_13,Școala Gimnazială nr. 13,Strada General Grigore Balan,,6_Sc.Gimn.Nr.13_Circumscriptia6.pdf
scoala_13,Școala Gimnazială nr. 13,Strada Gladiolelor,,6_Sc.Gimn.Nr.13_Circumscriptia6.pdf
scoala_13,Școala Gimnazială nr. 13,Strada Honterus,,6_Sc.Gimn.Nr.13_Circumscriptia6.pdf
scoala_13,Școala Gimnazială nr. 13,Strada Înfrățirii,delastr.Lungapanalastr.Honterus,6_Sc.Gimn.Nr.13_Circumscriptia6.pdf
scoala_13,Școala Gimnazială nr. 13,Strada Ion Luca Caragiale,,6_Sc.Gimn.Nr.13_Circumscriptia6.pdf
scoala_13,Școala Gimnazială nr. 13,Strada Lungă,Ruscioruluiparteadreapta,6_Sc.Gimn.Nr.13_Circumscriptia6.pdf
scoala_13,Școala Gimnazială nr. 13,Aleea Petuniei,,6_Sc.Gimn.Nr.13_Circumscriptia6.pdf
scoala_13,Școala Gimnazială nr. 13,Strada Popa Șapcă,,6_Sc.Gimn.Nr.13_Circumscriptia6.pdf
scoala_13,Școala Gimnazială nr. 13,Aleea Postavarilor,,6_Sc.Gimn.Nr.13_Circumscriptia6.pdf
scoala_13,Școala Gimnazială nr. 13,Aleea Rusciorului,,6_Sc.Gimn.Nr.13_Circumscriptia6.pdf
scoala_13,Școala Gimnazială nr. 13,Strada Rusciorului,"zona cuprinsaintre str.Lungasi str.Raului,partea dinsprescoala",6_Sc.Gimn.Nr.13_Circumscriptia6.pdf
scoala_13,Școala Gimnazială nr. 13,Strada Simion Bărnuțiu,,6_Sc.Gimn.Nr.13_Circumscriptia6.pdf
scoala_13,Școala Gimnazială nr. 13,Strada Targucailor,,6_Sc.Gimn.Nr.13_Circumscriptia6.pdf
scoala_13,Școala Gimnazială nr. 13,Aleea Targucailor,,6_Sc.Gimn.Nr.13_Circumscriptia6.pdf
scoala_13,Școala Gimnazială nr. 13,Strada Țiglari,dela str.Lungapanala calea ferata,6_Sc.Gimn.Nr.13_Circumscriptia6.pdf
scoala_13,Școala Gimnazială nr. 13,Strada Viorelelor,,6_Sc.Gimn.Nr.13_Circumscriptia6.pdf
scoala_13,Școala Gimnazială nr. 13,Strada Viile Sibiului,,6_Sc.Gimn.Nr.13_Circumscriptia6.pdf
scoala_13,Școala Gimnazială nr. 13,Intrarea Viile Sibiului,,6_Sc.Gimn.Nr.13_Circumscriptia6.pdf
scoala_13,Școala Gimnazială nr. 13,Strada Viticultorilor,,6_Sc.Gimn.Nr.13_Circumscriptia6.pdf
scoala_13,Școala Gimnazială nr. 13,Strada Câmpului,,6_Sc.Gimn.Nr.13_Circumscriptia6.pdf
scoala_13,Școala Gimnazială nr. 13,Strada Cărămidăriei,,6_Sc.Gimn.Nr.13_Circumscriptia6.pdf
scoala_13,Școala Gimnazială nr. 13,Strada Carpaților,,6_Sc.Gimn.Nr.13_Circumscriptia6.pdf
scoala_13,Școala Gimnazială nr. 13,Strada Castorului,,6_Sc.Gimn.Nr.13_Circumscriptia6.pdf
scoala_13,Școala Gimnazială nr. 13,Piața Cluj,,6_Sc.Gimn.Nr.13_Circumscriptia6.pdf
scoala_13,Școala Gimnazială nr. 13,Strada Cobaltului,,6_Sc.Gimn.Nr.13_Circumscriptia6.pdf
scoala_13,Școala Gimnazială nr. 13,Strada Cuartului,,6_Sc.Gimn.Nr.13_Circumscriptia6.pdf
scoala_13,Școala Gimnazială nr. 13,Strada Cuprului,,6_Sc.Gimn.Nr.13_Circumscriptia6.pdf
scoala_13,Școala Gimnazială nr. 13,Strada Deva,,6_Sc.Gimn.Nr.13_Circumscriptia6.pdf
scoala_13,Școala Gimnazială nr. 13,Strada Granitului,,6_Sc.Gimn.Nr.13_Circumscriptia6.pdf
scoala_13,Școala Gimnazială nr. 13,Strada Ion Pop Reteganu,,6_Sc.Gimn.Nr.13_Circumscriptia6.pdf
scoala_13,Școala Gimnazială nr. 13,Strada Kiev,,6_Sc.Gimn.Nr.13_Circumscriptia6.pdf
scoala_13,Școala Gimnazială nr. 13,Strada Măgheranului,,6_Sc.Gimn.Nr.13_Circumscriptia6.pdf
scoala_13,Școala Gimnazială nr. 13,Strada Margaretelor,,6_Sc.Gimn.Nr.13_Circumscriptia6.pdf
scoala_13,Școala Gimnazială nr. 13,Strada Mihail Kogălniceanu,,6_Sc.Gimn.Nr.13_Circumscriptia6.pdf
scoala_13,Școala Gimnazială nr. 13,Strada Mozaicului,,6_Sc.Gimn.Nr.13_Circumscriptia6.pdf
scoala_13,Școala Gimnazială nr. 13,Strada Narciselor,,6_Sc.Gimn.Nr.13_Circumscriptia6.pdf
scoala_13,Școala Gimnazială nr. 13,Strada Odessa,,6_Sc.Gimn.Nr.13_Circumscriptia6.pdf
scoala_13,Școala Gimnazială nr. 13,Strada Păltiniș,,6_Sc.Gimn.Nr.13_Circumscriptia6.pdf
scoala_13,Școala Gimnazială nr. 13,Strada Paris,,6_Sc.Gimn.Nr.13_Circumscriptia6.pdf
scoala_13,Școala Gimnazială nr. 13,Strada Patrioților,,6_Sc.Gimn.Nr.13_Circumscriptia6.pdf
scoala_13,Școala Gimnazială nr. 13,Strada Plumbului,,6_Sc.Gimn.Nr.13_Circumscriptia6.pdf
scoala_13,Școala Gimnazială nr. 13,Strada Praga,,6_Sc.Gimn.Nr.13_Circumscriptia6.pdf
scoala_13,Școala Gimnazială nr. 13,Strada Progresului,,6_Sc.Gimn.Nr.13_Circumscriptia6.pdf
scoala_13,Școala Gimnazială nr. 13,Strada Reconstrucției,,6_Sc.Gimn.Nr.13_Circumscriptia6.pdf
scoala_13,Școala Gimnazială nr. 13,Strada Speranței,,6_Sc.Gimn.Nr.13_Circumscriptia6.pdf
scoala_13,Școala Gimnazială nr. 13,Strada Timișoara,,6_Sc.Gimn.Nr.13_Circumscriptia6.pdf
scoala_13,Școala Gimnazială nr. 13,Strada Titanului,,6_Sc.Gimn.Nr.13_Circumscriptia6.pdf
scoala_13,Școala Gimnazială nr. 13,Strada Tractorului,,6_Sc.Gimn.Nr.13_Circumscriptia6.pdf
scoala_13,Școala Gimnazială nr. 13,Strada Traian Demetrescu,,6_Sc.Gimn.Nr.13_Circumscriptia6.pdf
scoala_13,Școala Gimnazială nr. 13,Strada Tudor Vladimirescu,,6_Sc.Gimn.Nr.13_Circumscriptia6.pdf
scoala_13,Școala Gimnazială nr. 13,Strada Varului,,6_Sc.Gimn.Nr.13_Circumscriptia6.pdf
scoala_18,Școala Gimnazială nr. 18,Strada Banciulescu,,7_Sc.Gimn.Nr18_Circumscriptia7.pdf
scoala_18,Școala Gimnazială nr. 18,Strada Berzelor,,7_Sc.Gimn.Nr18_Circumscriptia7.pdf
scoala_18,Școala Gimnazială nr. 18,Strada Bujorului,,7_Sc.Gimn.Nr18_Circumscriptia7.pdf
scoala_18,Școala Gimnazială nr. 18,Strada Caisilor,,7_Sc.Gimn.Nr18_Circumscriptia7.pdf
scoala_18,Școala Gimnazială nr. 18,Strada Capitan Grigore Ignat,,7_Sc.Gimn.Nr18_Circumscriptia7.pdf
scoala_18,Școala Gimnazială nr. 18,Strada Maracineanu,,7_Sc.Gimn.Nr18_Circumscriptia7.pdf
scoala_18,Școala Gimnazială nr. 18,Strada Capitan Victor Anineanu,,7_Sc.Gimn.Nr18_Circumscriptia7.pdf
scoala_18,Școala Gimnazială nr. 18,Strada Căprioarelor,,7_Sc.Gimn.Nr18_Circumscriptia7.pdf
scoala_18,Școala Gimnazială nr. 18,Strada Căpriorilor,,7_Sc.Gimn.Nr18_Circumscriptia7.pdf
scoala_18,Școala Gimnazială nr. 18,Strada Capsunilor,,7_Sc.Gimn.Nr18_Circumscriptia7.pdf
scoala_18,Școala Gimnazială nr. 18,Strada Cerbului,,7_Sc.Gimn.Nr18_Circumscriptia7.pdf
scoala_18,Școala Gimnazială nr. 18,Strada Colonel Alexandru Pastia,,7_Sc.Gimn.Nr18_Circumscriptia7.pdf
scoala_18,Școala Gimnazială nr. 18,Strada Colonel Florin Radulescu,,7_Sc.Gimn.Nr18_Circumscriptia7.pdf
scoala_18,Școala Gimnazială nr. 18,Strada Colonel Nicolae Dabija,,7_Sc.Gimn.Nr18_Circumscriptia7.pdf
scoala_18,Școala Gimnazială nr. 18,Strada Comandor Teodor Dobre,,7_Sc.Gimn.Nr18_Circumscriptia7.pdf
scoala_18,Școala Gimnazială nr. 18,Strada Crizantemelor,,7_Sc.Gimn.Nr18_Circumscriptia7.pdf
scoala_18,Școala Gimnazială nr. 18,Strada Cuntan Dimitrie,,7_Sc.Gimn.Nr18_Circumscriptia7.pdf
scoala_18,Școala Gimnazială nr. 18,Strada Elena Cuza Doamna,,7_Sc.Gimn.Nr18_Circumscriptia7.pdf
scoala_18,Școala Gimnazială nr. 18,Strada Doctor Dumitru Bagdazar,,7_Sc.Gimn.Nr18_Circumscriptia7.pdf
scoala_18,Școala Gimnazială nr. 18,Strada Drumul Ocnei,,7_Sc.Gimn.Nr18_Circumscriptia7.pdf
scoala_18,Școala Gimnazială nr. 18,Strada Ecaterina Teodoroiu,,7_Sc.Gimn.Nr18_Circumscriptia7.pdf
scoala_18,Școala Gimnazială nr. 18,Strada Eschile,,7_Sc.Gimn.Nr18_Circumscriptia7.pdf
scoala_18,Școala Gimnazială nr. 18,Strada Florilor,,7_Sc.Gimn.Nr18_Circumscriptia7.pdf
scoala_18,Școala Gimnazială nr. 18,Strada Fragilor,,7_Sc.Gimn.Nr18_Circumscriptia7.pdf
scoala_18,Școala Gimnazială nr. 18,Strada Gazelei,,7_Sc.Gimn.Nr18_Circumscriptia7.pdf
scoala_18,Școala Gimnazială nr. 18,Strada Cernat,,7_Sc.Gimn.Nr18_Circumscriptia7.pdf
scoala_18,Școala Gimnazială nr. 18,Strada General Alexandru Hanzu,,7_Sc.Gimn.Nr18_Circumscriptia7.pdf
scoala_18,Școala Gimnazială nr. 18,Strada General Carol Davila,,7_Sc.Gimn.Nr18_Circumscriptia7.pdf
scoala_18,Școala Gimnazială nr. 18,Strada Anghelescu,,7_Sc.Gimn.Nr18_Circumscriptia7.pdf
scoala_18,Școala Gimnazială nr. 18,Strada Mardarescu,,7_Sc.Gimn.Nr18_Circumscriptia7.pdf
scoala_18,Școala Gimnazială nr. 18,Strada General Gheorghe Mihail,,7_Sc.Gimn.Nr18_Circumscriptia7.pdf
scoala_18,Școala Gimnazială nr. 18,Strada General Grigore Bastan,,7_Sc.Gimn.Nr18_Circumscriptia7.pdf
scoala_18,Școala Gimnazială nr. 18,Strada General Ion C. Bratianu,,7_Sc.Gimn.Nr18_Circumscriptia7.pdf
scoala_18,Școala Gimnazială nr. 18,Strada General Ilie Steflea,,7_Sc.Gimn.Nr18_Circumscriptia7.pdf
scoala_18,Școala Gimnazială nr. 18,Strada Arsenescu,,7_Sc.Gimn.Nr18_Circumscriptia7.pdf
scoala_18,Școala Gimnazială nr. 18,Strada General Maior Virgilrusu,,7_Sc.Gimn.Nr18_Circumscriptia7.pdf
scoala_18,Școala Gimnazială nr. 18,Strada General Mihail Cerchez,,7_Sc.Gimn.Nr18_Circumscriptia7.pdf
scoala_18,Școala Gimnazială nr. 18,Strada Dascalescu,,7_Sc.Gimn.Nr18_Circumscriptia7.pdf
scoala_18,Școala Gimnazială nr. 18,Strada General Nicolae Sova,,7_Sc.Gimn.Nr18_Circumscriptia7.pdf
scoala_18,Școala Gimnazială nr. 18,Strada General Vasile Atanasiu,,7_Sc.Gimn.Nr18_Circumscriptia7.pdf
scoala_18,Școala Gimnazială nr. 18,Strada Gheorghe Șincai,,7_Sc.Gimn.Nr18_Circumscriptia7.pdf
scoala_18,Școala Gimnazială nr. 18,Strada Gutuilor,,7_Sc.Gimn.Nr18_Circumscriptia7.pdf
scoala_18,Școala Gimnazială nr. 18,Strada Lăcrămioarelor,,7_Sc.Gimn.Nr18_Circumscriptia7.pdf
scoala_18,Școala Gimnazială nr. 18,Strada Lăptăriei,,7_Sc.Gimn.Nr18_Circumscriptia7.pdf
scoala_18,Școala Gimnazială nr. 18,Strada Dumitru Damaceanu,,7_Sc.Gimn.Nr18_Circumscriptia7.pdf
scoala_18,Școala Gimnazială nr. 18,Strada Lungă,panala capatul straziiintegral,7_Sc.Gimn.Nr18_Circumscriptia7.pdf
scoala_18,Școala Gimnazială nr. 18,Strada Macului,,7_Sc.Gimn.Nr18_Circumscriptia7.pdf
scoala_18,Școala Gimnazială nr. 18,Strada Maior Constantin Ene,,7_Sc.Gimn.Nr18_Circumscriptia7.pdf
scoala_18,Școala Gimnazială nr. 18,Strada Maior George Sontu,,7_Sc.Gimn.Nr18_Circumscriptia7.pdf
scoala_18,Școala Gimnazială nr. 18,Strada Averescu,,7_Sc.Gimn.Nr18_Circumscriptia7.pdf
scoala_18,Școala Gimnazială nr. 18,Strada Prezan,,7_Sc.Gimn.Nr18_Circumscriptia7.pdf
scoala_18,Școala Gimnazială nr. 18,Strada Mărului,,7_Sc.Gimn.Nr18_Circumscriptia7.pdf
scoala_18,Școala Gimnazială nr. 18,Aleea Murelor,,7_Sc.Gimn.Nr18_Circumscriptia7.pdf
scoala_18,Școala Gimnazială nr. 18,Strada Nicolae Branga,,7_Sc.Gimn.Nr18_Circumscriptia7.pdf
scoala_18,Școala Gimnazială nr. 18,Strada Nucului,,7_Sc.Gimn.Nr18_Circumscriptia7.pdf
scoala_18,Școala Gimnazială nr. 18,Strada Oborul de vite,,7_Sc.Gimn.Nr18_Circumscriptia7.pdf
scoala_18,Școala Gimnazială nr. 18,Strada Pandurilor,,7_Sc.Gimn.Nr18_Circumscriptia7.pdf
scoala_18,Școala Gimnazială nr. 18,Strada Părului,,7_Sc.Gimn.Nr18_Circumscriptia7.pdf
scoala_18,Școala Gimnazială nr. 18,Strada Petru Maior,,7_Sc.Gimn.Nr18_Circumscriptia7.pdf
scoala_18,Școala Gimnazială nr. 18,Strada Prunelor,,7_Sc.Gimn.Nr18_Circumscriptia7.pdf
scoala_18,Școala Gimnazială nr. 18,Strada Rusciorului,"delaintersectia str.Lunga cu str.Raului,doarpartea dinsprecaleaferat.",7_Sc.Gimn.Nr18_Circumscriptia7.pdf
scoala_18,Școala Gimnazială nr. 18,Strada Sălciilor,,7_Sc.Gimn.Nr18_Circumscriptia7.pdf
scoala_18,Școala Gimnazială nr. 18,Strada Sergent Vasile Bajenaru,,7_Sc.Gimn.Nr18_Circumscriptia7.pdf
scoala_18,Școala Gimnazială nr. 18,Strada Croitoru,,7_Sc.Gimn.Nr18_Circumscriptia7.pdf
scoala_18,Școala Gimnazială nr. 18,Strada Strugurilor,"i-afostasimilatasiSTR.PIERSICILOR,（conformHCL411/26.10.2023）",7_Sc.Gimn.Nr18_Circumscriptia7.pdf
scoala_18,Școala Gimnazială nr. 18,Strada Dinca,,7_Sc.Gimn.Nr18_Circumscriptia7.pdf
scoala_18,Școala Gimnazială nr. 18,Calea Șurii Mari,,7_Sc.Gimn.Nr18_Circumscriptia7.pdf
scoala_18,Școala Gimnazială nr. 18,Strada Vișinilor,,7_Sc.Gimn.Nr18_Circumscriptia7.pdf
scoala_18,Școala Gimnazială nr. 18,Strada Zmeurei,,7_Sc.Gimn.Nr18_Circumscriptia7.pdf
scoala_ioan_slavici,"Școala Gimnazială ""Ioan Slavici""",Strada Albert Einstein,,8_Sc.Gimn.IoanSlavici_Circumscriptia8.pdf
scoala_ioan_slavici,"Școala Gimnazială ""Ioan Slavici""",Strada Alecu Russo,,8_Sc.Gimn.IoanSlavici_Circumscriptia8.pdf
scoala_ioan_slavici,"Școala Gimnazială ""Ioan Slavici""",Strada Anatole France,,8_Sc.Gimn.IoanSlavici_Circumscriptia8.pdf
scoala_ioan_slavici,"Școala Gimnazială ""Ioan Slavici""",Strada Anul 1848,,8_Sc.Gimn.IoanSlavici_Circumscriptia8.pdf
scoala_ioan_slavici,"Școala Gimnazială ""Ioan Slavici""",Strada Anul 1907,,8_Sc.Gimn.IoanSlavici_Circumscriptia8.pdf
scoala_ioan_slavici,"Școala Gimnazială ""Ioan Slavici""",Strada Arcului,,8_Sc.Gimn.IoanSlavici_Circumscriptia8.pdf
scoala_ioan_slavici,"Școala Gimnazială ""Ioan Slavici""",Strada Balanței,,8_Sc.Gimn.IoanSlavici_Circumscriptia8.pdf
scoala_ioan_slavici,"Școala Gimnazială ""Ioan Slavici""",Strada Piotr Ilici Ceaikovski,,8_Sc.Gimn.IoanSlavici_Circumscriptia8.pdf
scoala_ioan_slavici,"Școala Gimnazială ""Ioan Slavici""",Strada Cedonia,,8_Sc.Gimn.IoanSlavici_Circumscriptia8.pdf
scoala_ioan_slavici,"Școala Gimnazială ""Ioan Slavici""",Strada Cezar Bolliac,,8_Sc.Gimn.IoanSlavici_Circumscriptia8.pdf
scoala_ioan_slavici,"Școala Gimnazială ""Ioan Slavici""",Strada Ciocanului,,8_Sc.Gimn.IoanSlavici_Circumscriptia8.pdf
scoala_ioan_slavici,"Școala Gimnazială ""Ioan Slavici""",Strada Cozia,,8_Sc.Gimn.IoanSlavici_Circumscriptia8.pdf
scoala_ioan_slavici,"Școala Gimnazială ""Ioan Slavici""",Strada Dafinului,,8_Sc.Gimn.IoanSlavici_Circumscriptia8.pdf
scoala_ioan_slavici,"Școala Gimnazială ""Ioan Slavici""",Strada Dinamului,,8_Sc.Gimn.IoanSlavici_Circumscriptia8.pdf
scoala_ioan_slavici,"Școala Gimnazială ""Ioan Slavici""",Strada Dorobanților,,8_Sc.Gimn.IoanSlavici_Circumscriptia8.pdf
scoala_ioan_slavici,"Școala Gimnazială ""Ioan Slavici""",Strada Doctor Diaconovici,,8_Sc.Gimn.IoanSlavici_Circumscriptia8.pdf
scoala_ioan_slavici,"Școala Gimnazială ""Ioan Slavici""",Strada Ecaterina Varga,,8_Sc.Gimn.IoanSlavici_Circumscriptia8.pdf
scoala_ioan_slavici,"Școala Gimnazială ""Ioan Slavici""",Strada Emilezola,,8_Sc.Gimn.IoanSlavici_Circumscriptia8.pdf
scoala_ioan_slavici,"Școala Gimnazială ""Ioan Slavici""",Strada Forjorilor,,8_Sc.Gimn.IoanSlavici_Circumscriptia8.pdf
scoala_ioan_slavici,"Școala Gimnazială ""Ioan Slavici""",Strada Frasinului,,8_Sc.Gimn.IoanSlavici_Circumscriptia8.pdf
scoala_ioan_slavici,"Școala Gimnazială ""Ioan Slavici""",Strada Frezorilor,,8_Sc.Gimn.IoanSlavici_Circumscriptia8.pdf
scoala_ioan_slavici,"Școala Gimnazială ""Ioan Slavici""",Calea Gușteriței,panalaCibinparteadinsprescoala,8_Sc.Gimn.IoanSlavici_Circumscriptia8.pdf
scoala_ioan_slavici,"Școala Gimnazială ""Ioan Slavici""",Strada Henri Coandă,,8_Sc.Gimn.IoanSlavici_Circumscriptia8.pdf
scoala_ioan_slavici,"Școala Gimnazială ""Ioan Slavici""",Strada Iacob Bologa,,8_Sc.Gimn.IoanSlavici_Circumscriptia8.pdf
scoala_ioan_slavici,"Școala Gimnazială ""Ioan Slavici""",Strada Irisului,,8_Sc.Gimn.IoanSlavici_Circumscriptia8.pdf
scoala_ioan_slavici,"Școala Gimnazială ""Ioan Slavici""",Strada Lăcătușilor,,8_Sc.Gimn.IoanSlavici_Circumscriptia8.pdf
scoala_ioan_slavici,"Școala Gimnazială ""Ioan Slavici""",Strada Lacului,,8_Sc.Gimn.IoanSlavici_Circumscriptia8.pdf
scoala_ioan_slavici,"Școala Gimnazială ""Ioan Slavici""",Strada Laminorului,,8_Sc.Gimn.IoanSlavici_Circumscriptia8.pdf
scoala_ioan_slavici,"Școala Gimnazială ""Ioan Slavici""",Strada Lavandei,,8_Sc.Gimn.IoanSlavici_Circumscriptia8.pdf
scoala_ioan_slavici,"Școala Gimnazială ""Ioan Slavici""",Strada Lazaret,,8_Sc.Gimn.IoanSlavici_Circumscriptia8.pdf
scoala_ioan_slavici,"Școala Gimnazială ""Ioan Slavici""",Strada Lebedei,,8_Sc.Gimn.IoanSlavici_Circumscriptia8.pdf
scoala_ioan_slavici,"Școala Gimnazială ""Ioan Slavici""",Strada Libertății,,8_Sc.Gimn.IoanSlavici_Circumscriptia8.pdf
scoala_ioan_slavici,"Școala Gimnazială ""Ioan Slavici""",Strada Luceafărului,,8_Sc.Gimn.IoanSlavici_Circumscriptia8.pdf
scoala_ioan_slavici,"Școala Gimnazială ""Ioan Slavici""",Strada Luncii,,8_Sc.Gimn.IoanSlavici_Circumscriptia8.pdf
scoala_ioan_slavici,"Școala Gimnazială ""Ioan Slavici""",Strada Macaralei,,8_Sc.Gimn.IoanSlavici_Circumscriptia8.pdf
scoala_ioan_slavici,"Școala Gimnazială ""Ioan Slavici""",Strada Mașiniștilor,,8_Sc.Gimn.IoanSlavici_Circumscriptia8.pdf
scoala_ioan_slavici,"Școala Gimnazială ""Ioan Slavici""",Strada Muncitorilor,,8_Sc.Gimn.IoanSlavici_Circumscriptia8.pdf
scoala_ioan_slavici,"Școala Gimnazială ""Ioan Slavici""",Strada Nicovalei,,8_Sc.Gimn.IoanSlavici_Circumscriptia8.pdf
scoala_ioan_slavici,"Școala Gimnazială ""Ioan Slavici""",Strada Oltețului,,8_Sc.Gimn.IoanSlavici_Circumscriptia8.pdf
scoala_ioan_slavici,"Școala Gimnazială ""Ioan Slavici""",Strada Oțelarilor,,8_Sc.Gimn.IoanSlavici_Circumscriptia8.pdf
scoala_ioan_slavici,"Școala Gimnazială ""Ioan Slavici""",Strada Plevnei,,8_Sc.Gimn.IoanSlavici_Circumscriptia8.pdf
scoala_ioan_slavici,"Școala Gimnazială ""Ioan Slavici""",Strada Podului,,8_Sc.Gimn.IoanSlavici_Circumscriptia8.pdf
scoala_ioan_slavici,"Școala Gimnazială ""Ioan Slavici""",Strada Posada,,8_Sc.Gimn.IoanSlavici_Circumscriptia8.pdf
scoala_ioan_slavici,"Școala Gimnazială ""Ioan Slavici""",Strada Preda Buzescu,,8_Sc.Gimn.IoanSlavici_Circumscriptia8.pdf
scoala_ioan_slavici,"Școala Gimnazială ""Ioan Slavici""",Strada Primăverii,,8_Sc.Gimn.IoanSlavici_Circumscriptia8.pdf
scoala_ioan_slavici,"Școala Gimnazială ""Ioan Slavici""",Strada Principatele Unite,,8_Sc.Gimn.IoanSlavici_Circumscriptia8.pdf
scoala_ioan_slavici,"Școala Gimnazială ""Ioan Slavici""",Strada Rovine,,8_Sc.Gimn.IoanSlavici_Circumscriptia8.pdf
scoala_ioan_slavici,"Școala Gimnazială ""Ioan Slavici""",Strada Rulmentului,,8_Sc.Gimn.IoanSlavici_Circumscriptia8.pdf
scoala_ioan_slavici,"Școala Gimnazială ""Ioan Slavici""",Strada Sergiu Celibidache,,8_Sc.Gimn.IoanSlavici_Circumscriptia8.pdf
scoala_ioan_slavici,"Școala Gimnazială ""Ioan Slavici""",Strada Solidarității,,8_Sc.Gimn.IoanSlavici_Circumscriptia8.pdf
scoala_ioan_slavici,"Școala Gimnazială ""Ioan Slavici""",Strada Spatarul Nicolae Milescu,,8_Sc.Gimn.IoanSlavici_Circumscriptia8.pdf
scoala_ioan_slavici,"Școala Gimnazială ""Ioan Slavici""",Strada Strungului,,8_Sc.Gimn.IoanSlavici_Circumscriptia8.pdf
scoala_ioan_slavici,"Școala Gimnazială ""Ioan Slavici""",Strada Tineretului,,8_Sc.Gimn.IoanSlavici_Circumscriptia8.pdf
scoala_ioan_slavici,"Școala Gimnazială ""Ioan Slavici""",Strada Topitorilor,,8_Sc.Gimn.IoanSlavici_Circumscriptia8.pdf
scoala_ioan_slavici,"Școala Gimnazială ""Ioan Slavici""",Strada Viitorului,,8_Sc.Gimn.IoanSlavici_Circumscriptia8.pdf
scoala_ioan_slavici,"Școala Gimnazială ""Ioan Slavici""",Strada Wolfgang Amadeus Mozart,,8_Sc.Gimn.IoanSlavici_Circumscriptia8.pdf
scoala_ioan_slavici,"Școala Gimnazială ""Ioan Slavici""",Strada Alunului,,8_Sc.Gimn.IoanSlavici_Circumscriptia8.pdf
scoala_ioan_slavici,"Școala Gimnazială ""Ioan Slavici""",Strada Drum Nou,,8_Sc.Gimn.IoanSlavici_Circumscriptia8.pdf
scoala_ioan_slavici,"Școala Gimnazială ""Ioan Slavici""",Strada Gorunului,,8_Sc.Gimn.IoanSlavici_Circumscriptia8.pdf
scoala_ioan_slavici,"Școala Gimnazială ""Ioan Slavici""",Strada Macazului,,8_Sc.Gimn.IoanSlavici_Circumscriptia8.pdf
scoala_ioan_slavici,"Școala Gimnazială ""Ioan Slavici""",Strada Maior Nita Octavian,,8_Sc.Gimn.IoanSlavici_Circumscriptia8.pdf
scoala_ioan_slavici,"Școala Gimnazială ""Ioan Slavici""",Strada Pinului,,8_Sc.Gimn.IoanSlavici_Circumscriptia8.pdf
scoala_ioan_slavici,"Școala Gimnazială ""Ioan Slavici""",Strada Rachitei,,8_Sc.Gimn.IoanSlavici_Circumscriptia8.pdf
scoala_ioan_slavici,"Școala Gimnazială ""Ioan Slavici""",Strada Salcâmilor,,8_Sc.Gimn.IoanSlavici_Circumscriptia8.pdf
scoala_ioan_slavici,"Școala Gimnazială ""Ioan Slavici""",Strada Smârdan,,8_Sc.Gimn.IoanSlavici_Circumscriptia8.pdf
scoala_ioan_slavici,"Școala Gimnazială ""Ioan Slavici""",Strada Stejarului,,8_Sc.Gimn.IoanSlavici_Circumscriptia8.pdf
scoala_ioan_slavici,"Școala Gimnazială ""Ioan Slavici""",Strada Vaii,,8_Sc.Gimn.IoanSlavici_Circumscriptia8.pdf
scoala_ioan_slavici,"Școala Gimnazială ""Ioan Slavici""",Strada Vasile Pârvan,,8_Sc.Gimn.IoanSlavici_Circumscriptia8.pdf
scoala_ioan_slavici,"Școala Gimnazială ""Ioan Slavici""",Strada Viilor,,8_Sc.Gimn.IoanSlavici_Circumscriptia8.pdf
scoala_21,Școala Gimnazială nr. 21,Strada Alexandru Ioan Cuza,,9_Sc.Gimn.Nr.21_Circumscriptia9.pdf
scoala_21,Școala Gimnazială nr. 21,Strada Andrei Mureșanu,,9_Sc.Gimn.Nr.21_Circumscriptia9.pdf
scoala_21,Școala Gimnazială nr. 21,Aleea Artileriștilor,,9_Sc.Gimn.Nr.21_Circumscriptia9.pdf
scoala_21,Școala Gimnazială nr. 21,Aleea Călărașilor,,9_Sc.Gimn.Nr.21_Circumscriptia9.pdf
scoala_21,Școala Gimnazială nr. 21,Strada Călugăreni,,9_Sc.Gimn.Nr.21_Circumscriptia9.pdf
scoala_21,Școala Gimnazială nr. 21,Strada Cernei,,9_Sc.Gimn.Nr.21_Circumscriptia9.pdf
scoala_21,Școala Gimnazială nr. 21,Strada Eroilor,,9_Sc.Gimn.Nr.21_Circumscriptia9.pdf
scoala_21,Școala Gimnazială nr. 21,Strada General Vasile Milea,"dela intersectiacustr.Oituzpanala iesireadinoras,parteadinsprescoala",9_Sc.Gimn.Nr.21_Circumscriptia9.pdf
scoala_21,Școala Gimnazială nr. 21,Aleea Geniștilor,,9_Sc.Gimn.Nr.21_Circumscriptia9.pdf
scoala_21,Școala Gimnazială nr. 21,Aleea Haiducului,,9_Sc.Gimn.Nr.21_Circumscriptia9.pdf
scoala_21,Școala Gimnazială nr. 21,Strada Hipodromului,,9_Sc.Gimn.Nr.21_Circumscriptia9.pdf
scoala_21,Școala Gimnazială nr. 21,Strada Luptei,,9_Sc.Gimn.Nr.21_Circumscriptia9.pdf
scoala_21,Școala Gimnazială nr. 21,Strada Mirăslău,,9_Sc.Gimn.Nr.21_Circumscriptia9.pdf
scoala_21,Școala Gimnazială nr. 21,Strada Nicolae Iorga,delaintersectiacuMihaiViteazulpanalaintersectiacub-dulVasileMileapartea,9_Sc.Gimn.Nr.21_Circumscriptia9.pdf
scoala_21,Școala Gimnazială nr. 21,Strada Porumbacului,,9_Sc.Gimn.Nr.21_Circumscriptia9.pdf
scoala_21,Școala Gimnazială nr. 21,Strada Rahovei,,9_Sc.Gimn.Nr.21_Circumscriptia9.pdf
scoala_21,Școala Gimnazială nr. 21,Aleea Roșiorilor,,9_Sc.Gimn.Nr.21_Circumscriptia9.pdf
scoala_21,Școala Gimnazială nr. 21,Aleea Șelimbăr,,9_Sc.Gimn.Nr.21_Circumscriptia9.pdf
scoala_23,Școala Gimnazială nr. 23,Strada Ametistului,,10_Sc.Gimn.Nr.23_Circumscriptia10.pdf
scoala_23,Școala Gimnazială nr. 23,Strada Atena,,10_Sc.Gimn.Nr.23_Circumscriptia10.pdf
scoala_23,Școala Gimnazială nr. 23,Strada Berlin,,10_Sc.Gimn.Nr.23_Circumscriptia10.pdf
scoala_23,Școala Gimnazială nr. 23,Aleea Botticelli,,10_Sc.Gimn.Nr.23_Circumscriptia10.pdf
scoala_23,Școala Gimnazială nr. 23,Strada Bratislava,,10_Sc.Gimn.Nr.23_Circumscriptia10.pdf
scoala_23,Școala Gimnazială nr. 23,Strada Chihlimbarului,,10_Sc.Gimn.Nr.23_Circumscriptia10.pdf
scoala_23,Școala Gimnazială nr. 23,Strada Constructorilor,,10_Sc.Gimn.Nr.23_Circumscriptia10.pdf
scoala_23,Școala Gimnazială nr. 23,Strada Cristalului,,10_Sc.Gimn.Nr.23_Circumscriptia10.pdf
scoala_23,Școala Gimnazială nr. 23,Strada Cuptorului,,10_Sc.Gimn.Nr.23_Circumscriptia10.pdf
scoala_23,Școala Gimnazială nr. 23,Strada Deventer,,10_Sc.Gimn.Nr.23_Circumscriptia10.pdf
scoala_23,Școala Gimnazială nr. 23,Strada Diamantului,,10_Sc.Gimn.Nr.23_Circumscriptia10.pdf
scoala_23,Școala Gimnazială nr. 23,Strada Doinei,,10_Sc.Gimn.Nr.23_Circumscriptia10.pdf
scoala_23,Școala Gimnazială nr. 23,Strada Dulgherilor,,10_Sc.Gimn.Nr.23_Circumscriptia10.pdf
scoala_23,Școala Gimnazială nr. 23,Aleea El Greco,,10_Sc.Gimn.Nr.23_Circumscriptia10.pdf
scoala_23,Școala Gimnazială nr. 23,Strada Fagului,,10_Sc.Gimn.Nr.23_Circumscriptia10.pdf
scoala_23,Școala Gimnazială nr. 23,Strada Faianței,,10_Sc.Gimn.Nr.23_Circumscriptia10.pdf
scoala_23,Școala Gimnazială nr. 23,Strada Jadului,,10_Sc.Gimn.Nr.23_Circumscriptia10.pdf
scoala_23,Școala Gimnazială nr. 23,Strada Klagenfurt,,10_Sc.Gimn.Nr.23_Circumscriptia10.pdf
scoala_23,Școala Gimnazială nr. 23,Strada Lacul lui Binder,,10_Sc.Gimn.Nr.23_Circumscriptia10.pdf
scoala_23,Școala Gimnazială nr. 23,Strada Landshut,,10_Sc.Gimn.Nr.23_Circumscriptia10.pdf
scoala_23,Școala Gimnazială nr. 23,Aleea Leonardo da Vinci,,10_Sc.Gimn.Nr.23_Circumscriptia10.pdf
scoala_23,Școala Gimnazială nr. 23,Strada Lisabona,,10_Sc.Gimn.Nr.23_Circumscriptia10.pdf
scoala_23,Școala Gimnazială nr. 23,Strada Londra,,10_Sc.Gimn.Nr.23_Circumscriptia10.pdf
scoala_23,Școala Gimnazială nr. 23,Strada Lutului,,10_Sc.Gimn.Nr.23_Circumscriptia10.pdf
scoala_23,Școala Gimnazială nr. 23,Strada Luxemburg,,10_Sc.Gimn.Nr.23_Circumscriptia10.pdf
scoala_23,Școala Gimnazială nr. 23,Strada Madrid,,10_Sc.Gimn.Nr.23_Circumscriptia10.pdf
scoala_23,Școala Gimnazială nr. 23,Strada Maierilor,,10_Sc.Gimn.Nr.23_Circumscriptia10.pdf
scoala_23,Școala Gimnazială nr. 23,Strada Marburg,,10_Sc.Gimn.Nr.23_Circumscriptia10.pdf
scoala_23,Școala Gimnazială nr. 23,Strada Mesteacănului,,10_Sc.Gimn.Nr.23_Circumscriptia10.pdf
scoala_23,Școala Gimnazială nr. 23,Aleea Michelangelo,,10_Sc.Gimn.Nr.23_Circumscriptia10.pdf
scoala_23,Școala Gimnazială nr. 23,Aleea Monet,,10_Sc.Gimn.Nr.23_Circumscriptia10.pdf
scoala_23,Școala Gimnazială nr. 23,Strada Opalului,,10_Sc.Gimn.Nr.23_Circumscriptia10.pdf
scoala_23,Școala Gimnazială nr. 23,Strada Orhideelor,,10_Sc.Gimn.Nr.23_Circumscriptia10.pdf
scoala_23,Școala Gimnazială nr. 23,Strada Oslo,,10_Sc.Gimn.Nr.23_Circumscriptia10.pdf
scoala_23,Școala Gimnazială nr. 23,Strada Perlei,,10_Sc.Gimn.Nr.23_Circumscriptia10.pdf
scoala_23,Școala Gimnazială nr. 23,Aleea Picasso,,10_Sc.Gimn.Nr.23_Circumscriptia10.pdf
scoala_23,Școala Gimnazială nr. 23,Aleea Rafael,,10_Sc.Gimn.Nr.23_Circumscriptia10.pdf
scoala_23,Școala Gimnazială nr. 23,Strada Record,,10_Sc.Gimn.Nr.23_Circumscriptia10.pdf
scoala_23,Școala Gimnazială nr. 23,Aleea Rembrandt,,10_Sc.Gimn.Nr.23_Circumscriptia10.pdf
scoala_23,Școala Gimnazială nr. 23,Strada Roma,,10_Sc.Gimn.Nr.23_Circumscriptia10.pdf
scoala_23,Școala Gimnazială nr. 23,Aleea Rubens,,10_Sc.Gimn.Nr.23_Circumscriptia10.pdf
scoala_23,Școala Gimnazială nr. 23,Strada Rubinului,,10_Sc.Gimn.Nr.23_Circumscriptia10.pdf
scoala_23,Școala Gimnazială nr. 23,Strada Safirului,,10_Sc.Gimn.Nr.23_Circumscriptia10.pdf
scoala_23,Școala Gimnazială nr. 23,Strada Țiglari,dela liniaferata inspre iesirea din oras,10_Sc.Gimn.Nr.23_Circumscriptia10.pdf
scoala_23,Școala Gimnazială nr. 23,Aleea Tizian,,10_Sc.Gimn.Nr.23_Circumscriptia10.pdf
scoala_23,Școala Gimnazială nr. 23,Strada Tomis,,10_Sc.Gimn.Nr.23_Circumscriptia10.pdf
scoala_23,Școala Gimnazială nr. 23,Aleea Tonitza,,10_Sc.Gimn.Nr.23_Circumscriptia10.pdf
scoala_23,Școala Gimnazială nr. 23,Strada Topazului,,10_Sc.Gimn.Nr.23_Circumscriptia10.pdf
scoala_23,Școala Gimnazială nr. 23,Strada Ulmului,,10_Sc.Gimn.Nr.23_Circumscriptia10.pdf
scoala_23,Școala Gimnazială nr. 23,Aleea Ulmului,,10_Sc.Gimn.Nr.23_Circumscriptia10.pdf
scoala_23,Școala Gimnazială nr. 23,Strada Viena,,10_Sc.Gimn.Nr.23_Circumscriptia10.pdf
scoala_23,Școala Gimnazială nr. 23,Strada Zidarilor,,10_Sc.Gimn.Nr.23_Circumscriptia10.pdf
scoala_23,Școala Gimnazială nr. 23,Strada Zirconiului,,10_Sc.Gimn.Nr.23_Circumscriptia10.pdf
scoala_23,Școala Gimnazială nr. 23,Strada Zugravilor,,10_Sc.Gimn.Nr.23_Circumscriptia10.pdf
scoala_25,Școala Gimnazială nr. 25,Strada Aciliu,,11_Sc.Gimn.Nr.25_Circumscriptia11.pdf
scoala_25,Școala Gimnazială nr. 25,Strada Agârbiciu,,11_Sc.Gimn.Nr.25_Circumscriptia11.pdf
scoala_25,Școala Gimnazială nr. 25,Strada Alămor,,11_Sc.Gimn.Nr.25_Circumscriptia11.pdf
scoala_25,Școala Gimnazială nr. 25,Strada Alunisului,cu imprejurimi,11_Sc.Gimn.Nr.25_Circumscriptia11.pdf
scoala_25,Școala Gimnazială nr. 25,Strada Amnaș,,11_Sc.Gimn.Nr.25_Circumscriptia11.pdf
scoala_25,Școala Gimnazială nr. 25,Strada Arborilor,,11_Sc.Gimn.Nr.25_Circumscriptia11.pdf
scoala_25,Școala Gimnazială nr. 25,Strada Artarului,,11_Sc.Gimn.Nr.25_Circumscriptia11.pdf
scoala_25,Școala Gimnazială nr. 25,Strada Badea Cârțan,,11_Sc.Gimn.Nr.25_Circumscriptia11.pdf
scoala_25,Școala Gimnazială nr. 25,Strada Bistrei,,11_Sc.Gimn.Nr.25_Circumscriptia11.pdf
scoala_25,Școala Gimnazială nr. 25,Strada Bobâlna,,11_Sc.Gimn.Nr.25_Circumscriptia11.pdf
scoala_25,Școala Gimnazială nr. 25,Fundătura Brazilor,,11_Sc.Gimn.Nr.25_Circumscriptia11.pdf
scoala_25,Școala Gimnazială nr. 25,Strada Castanului,,11_Sc.Gimn.Nr.25_Circumscriptia11.pdf
scoala_25,Școala Gimnazială nr. 25,Strada Cindrelului,,11_Sc.Gimn.Nr.25_Circumscriptia11.pdf
scoala_25,Școala Gimnazială nr. 25,Strada Cisnădioara,,11_Sc.Gimn.Nr.25_Circumscriptia11.pdf
scoala_25,Școala Gimnazială nr. 25,Strada Colinei,,11_Sc.Gimn.Nr.25_Circumscriptia11.pdf
scoala_25,Școala Gimnazială nr. 25,Strada Crint,,11_Sc.Gimn.Nr.25_Circumscriptia11.pdf
scoala_25,Școala Gimnazială nr. 25,Drumul Dj106d,,11_Sc.Gimn.Nr.25_Circumscriptia11.pdf
scoala_25,Școala Gimnazială nr. 25,Strada Dobârca,,11_Sc.Gimn.Nr.25_Circumscriptia11.pdf
scoala_25,Școala Gimnazială nr. 25,Strada Fantanamarului,,11_Sc.Gimn.Nr.25_Circumscriptia11.pdf
scoala_25,Școala Gimnazială nr. 25,Strada Fântânele,,11_Sc.Gimn.Nr.25_Circumscriptia11.pdf
scoala_25,Școala Gimnazială nr. 25,Aleea Fântânele,,11_Sc.Gimn.Nr.25_Circumscriptia11.pdf
scoala_25,Școala Gimnazială nr. 25,Strada General Praporgescu,,11_Sc.Gimn.Nr.25_Circumscriptia11.pdf
scoala_25,Școala Gimnazială nr. 25,Strada General Eremia Grigorescu,,11_Sc.Gimn.Nr.25_Circumscriptia11.pdf
scoala_25,Școala Gimnazială nr. 25,Strada Iazului,,11_Sc.Gimn.Nr.25_Circumscriptia11.pdf
scoala_25,Școala Gimnazială nr. 25,Strada Iederei,,11_Sc.Gimn.Nr.25_Circumscriptia11.pdf
scoala_25,Școala Gimnazială nr. 25,Strada Pincio Ioan Paun,,11_Sc.Gimn.Nr.25_Circumscriptia11.pdf
scoala_25,Școala Gimnazială nr. 25,Strada Ion Sion,,11_Sc.Gimn.Nr.25_Circumscriptia11.pdf
scoala_25,Școala Gimnazială nr. 25,Strada Islazului,,11_Sc.Gimn.Nr.25_Circumscriptia11.pdf
scoala_25,Școala Gimnazială nr. 25,Aleea Lichenilor,,11_Sc.Gimn.Nr.25_Circumscriptia11.pdf
scoala_25,Școala Gimnazială nr. 25,Strada Lotrioara,,11_Sc.Gimn.Nr.25_Circumscriptia11.pdf
scoala_25,Școala Gimnazială nr. 25,Strada Ludoș,,11_Sc.Gimn.Nr.25_Circumscriptia11.pdf
scoala_25,Școala Gimnazială nr. 25,Strada Muntilor,,11_Sc.Gimn.Nr.25_Circumscriptia11.pdf
scoala_25,Școala Gimnazială nr. 25,Strada Nicolae Grigorescu,,11_Sc.Gimn.Nr.25_Circumscriptia11.pdf
scoala_25,Școala Gimnazială nr. 25,Strada Orlat,,11_Sc.Gimn.Nr.25_Circumscriptia11.pdf
scoala_25,Școala Gimnazială nr. 25,Strada Pădurea Dumbrava,,11_Sc.Gimn.Nr.25_Circumscriptia11.pdf
scoala_25,Școala Gimnazială nr. 25,Strada Peneș Curcanul,,11_Sc.Gimn.Nr.25_Circumscriptia11.pdf
scoala_25,Școala Gimnazială nr. 25,Strada Pictor Ștefan Luchian,,11_Sc.Gimn.Nr.25_Circumscriptia11.pdf
scoala_25,Școala Gimnazială nr. 25,Strada Prejbei,,11_Sc.Gimn.Nr.25_Circumscriptia11.pdf
scoala_25,Școala Gimnazială nr. 25,Strada Preot Bacca,,11_Sc.Gimn.Nr.25_Circumscriptia11.pdf
scoala_25,Școala Gimnazială nr. 25,Strada Presaca,,11_Sc.Gimn.Nr.25_Circumscriptia11.pdf
scoala_25,Școala Gimnazială nr. 25,Strada Rășinari,,11_Sc.Gimn.Nr.25_Circumscriptia11.pdf
scoala_25,Școala Gimnazială nr. 25,Strada Rozdești,,11_Sc.Gimn.Nr.25_Circumscriptia11.pdf
scoala_25,Școala Gimnazială nr. 25,Strada Săcel,de la intersectia custr.Talmacel spre str.PreotBacca,11_Sc.Gimn.Nr.25_Circumscriptia11.pdf
scoala_25,Școala Gimnazială nr. 25,Piața Sadu,,11_Sc.Gimn.Nr.25_Circumscriptia11.pdf
scoala_25,Școala Gimnazială nr. 25,Aleea Sibiel,,11_Sc.Gimn.Nr.25_Circumscriptia11.pdf
scoala_25,Școala Gimnazială nr. 25,Piața Tălmaciu,,11_Sc.Gimn.Nr.25_Circumscriptia11.pdf
scoala_25,Școala Gimnazială nr. 25,Pasajul Tălmaciu,,11_Sc.Gimn.Nr.25_Circumscriptia11.pdf
scoala_25,Școala Gimnazială nr. 25,Strada Theodor Aman,,11_Sc.Gimn.Nr.25_Circumscriptia11.pdf
scoala_25,Școala Gimnazială nr. 25,Strada Tilișca,,11_Sc.Gimn.Nr.25_Circumscriptia11.pdf
scoala_25,Școala Gimnazială nr. 25,Strada Timotei Cipariu,,11_Sc.Gimn.Nr.25_Circumscriptia11.pdf
scoala_25,Școala Gimnazială nr. 25,Strada Tisei,,11_Sc.Gimn.Nr.25_Circumscriptia11.pdf
scoala_25,Școala Gimnazială nr. 25,Strada Valea Aurie,,11_Sc.Gimn.Nr.25_Circumscriptia11.pdf
scoala_25,Școala Gimnazială nr. 25,Strada Varful Plaiului,,11_Sc.Gimn.Nr.25_Circumscriptia11.pdf
scoala_25,Școala Gimnazială nr. 25,Strada Căprioarelor,Paltinis,11_Sc.Gimn.Nr.25_Circumscriptia11.pdf
scoala_25,Școala Gimnazială nr. 25,Strada Cindrel,Paltinis,11_Sc.Gimn.Nr.25_Circumscriptia11.pdf
scoala_25,Școala Gimnazială nr. 25,Strada Constantin Noica,Paltinis,11_Sc.Gimn.Nr.25_Circumscriptia11.pdf
scoala_25,Școala Gimnazială nr. 25,Drumul Hotilor,Paltinis,11_Sc.Gimn.Nr.25_Circumscriptia11.pdf
scoala_25,Școala Gimnazială nr. 25,Strada Molidului,Paltinis,11_Sc.Gimn.Nr.25_Circumscriptia11.pdf
scoala_25,Școala Gimnazială nr. 25,Strada Oncești,Paltinis,11_Sc.Gimn.Nr.25_Circumscriptia11.pdf
scoala_25,Școala Gimnazială nr. 25,Strada Varful Batrana,Paltinis,11_Sc.Gimn.Nr.25_Circumscriptia11.pdf
scoala_caragiale,"Școala Gimnazială ""Ion Luca Caragiale""",Strada Alexandru Vlahuță,,12_Sc.Gimn.I.L.Caragiale_Circumscriptia12.pdf
scoala_caragiale,"Școala Gimnazială ""Ion Luca Caragiale""",Strada Argeșului,,12_Sc.Gimn.I.L.Caragiale_Circumscriptia12.pdf
scoala_caragiale,"Școala Gimnazială ""Ion Luca Caragiale""",Strada Aron Pumnul,delaCaleaDumbraviipanalaP-taPrahovei,12_Sc.Gimn.I.L.Caragiale_Circumscriptia12.pdf
scoala_caragiale,"Școala Gimnazială ""Ion Luca Caragiale""",Strada Aurel Vlaicu,,12_Sc.Gimn.I.L.Caragiale_Circumscriptia12.pdf
scoala_caragiale,"Școala Gimnazială ""Ion Luca Caragiale""",Strada Avrig,,12_Sc.Gimn.I.L.Caragiale_Circumscriptia12.pdf
scoala_caragiale,"Școala Gimnazială ""Ion Luca Caragiale""",Strada Bahluiului,,12_Sc.Gimn.I.L.Caragiale_Circumscriptia12.pdf
scoala_caragiale,"Școala Gimnazială ""Ion Luca Caragiale""",Aleea Călăreților,,12_Sc.Gimn.I.L.Caragiale_Circumscriptia12.pdf
scoala_caragiale,"Școala Gimnazială ""Ion Luca Caragiale""",Strada Costache Negri,,12_Sc.Gimn.I.L.Caragiale_Circumscriptia12.pdf
scoala_caragiale,"Școala Gimnazială ""Ion Luca Caragiale""",Piața Crișan,,12_Sc.Gimn.I.L.Caragiale_Circumscriptia12.pdf
scoala_caragiale,"Școala Gimnazială ""Ion Luca Caragiale""",Strada Dimitrie Anghel,,12_Sc.Gimn.I.L.Caragiale_Circumscriptia12.pdf
scoala_caragiale,"Școala Gimnazială ""Ion Luca Caragiale""",Strada Dinicu Golescu,,12_Sc.Gimn.I.L.Caragiale_Circumscriptia12.pdf
scoala_caragiale,"Școala Gimnazială ""Ion Luca Caragiale""",Calea Dumbrăvii,"delastr.Privighetoriipanalastr.MateiMillointegral,panalastr.D-",12_Sc.Gimn.I.L.Caragiale_Circumscriptia12.pdf
scoala_caragiale,"Școala Gimnazială ""Ion Luca Caragiale""",Strada General Moșoiu,,12_Sc.Gimn.I.L.Caragiale_Circumscriptia12.pdf
scoala_caragiale,"Școala Gimnazială ""Ion Luca Caragiale""",Strada George Bacovia,,12_Sc.Gimn.I.L.Caragiale_Circumscriptia12.pdf
scoala_caragiale,"Școala Gimnazială ""Ion Luca Caragiale""",Strada Gheorghe Dima,delaCaleaDumbraviipanalaP-taPrahovei,12_Sc.Gimn.I.L.Caragiale_Circumscriptia12.pdf
scoala_caragiale,"Școala Gimnazială ""Ion Luca Caragiale""",Strada Gheorghe Șoima,,12_Sc.Gimn.I.L.Caragiale_Circumscriptia12.pdf
scoala_caragiale,"Școala Gimnazială ""Ion Luca Caragiale""",Strada Grigore Alexandrescu,,12_Sc.Gimn.I.L.Caragiale_Circumscriptia12.pdf
scoala_caragiale,"Școala Gimnazială ""Ion Luca Caragiale""",Strada Grigore Ureche,,12_Sc.Gimn.I.L.Caragiale_Circumscriptia12.pdf
scoala_caragiale,"Școala Gimnazială ""Ion Luca Caragiale""",Strada Ion Catina,,12_Sc.Gimn.I.L.Caragiale_Circumscriptia12.pdf
scoala_caragiale,"Școala Gimnazială ""Ion Luca Caragiale""",Strada Mihail Sebastian,,12_Sc.Gimn.I.L.Caragiale_Circumscriptia12.pdf
scoala_caragiale,"Școala Gimnazială ""Ion Luca Caragiale""",Strada Miron Costin,,12_Sc.Gimn.I.L.Caragiale_Circumscriptia12.pdf
scoala_caragiale,"Școala Gimnazială ""Ion Luca Caragiale""",Strada N.D. Cocea,,12_Sc.Gimn.I.L.Caragiale_Circumscriptia12.pdf
scoala_caragiale,"Școala Gimnazială ""Ion Luca Caragiale""",Strada Nicolae Filimon,,12_Sc.Gimn.I.L.Caragiale_Circumscriptia12.pdf
scoala_caragiale,"Școala Gimnazială ""Ion Luca Caragiale""",Strada Octavian Goga,de la str.Dimitrie Anghel pana laAleea Calaretilor,12_Sc.Gimn.I.L.Caragiale_Circumscriptia12.pdf
scoala_caragiale,"Școala Gimnazială ""Ion Luca Caragiale""",Intrarea Siretului,,12_Sc.Gimn.I.L.Caragiale_Circumscriptia12.pdf
scoala_caragiale,"Școala Gimnazială ""Ion Luca Caragiale""",Strada Vasile Alecsandri,,12_Sc.Gimn.I.L.Caragiale_Circumscriptia12.pdf
scoala_caragiale,"Școala Gimnazială ""Ion Luca Caragiale""",Bulevardul Victoriei,dela str.Avrig pana la str.Ghe.Soima,12_Sc.Gimn.I.L.Caragiale_Circumscriptia12.pdf
scoala_nicolae_iorga,"Școala Gimnazială ""Nicolae Iorga""",Strada Anghel Saligny,,13_Sc.Gimn.N.Iorga_Circumscriptia13.pdf
scoala_nicolae_iorga,"Școala Gimnazială ""Nicolae Iorga""",Strada Anton Pann,delaCaleaCisnadieipanalaP-taPrahovei,13_Sc.Gimn.N.Iorga_Circumscriptia13.pdf
scoala_nicolae_iorga,"Școala Gimnazială ""Nicolae Iorga""",Strada Arieșului,,13_Sc.Gimn.N.Iorga_Circumscriptia13.pdf
scoala_nicolae_iorga,"Școala Gimnazială ""Nicolae Iorga""",Intrarea Arieșului,,13_Sc.Gimn.N.Iorga_Circumscriptia13.pdf
scoala_nicolae_iorga,"Școala Gimnazială ""Nicolae Iorga""",Calea Cisnădiei,"de la intersectia cu B-dul Mihai Viteazul pana la str.Plugarilor,integral,",13_Sc.Gimn.N.Iorga_Circumscriptia13.pdf
scoala_nicolae_iorga,"Școala Gimnazială ""Nicolae Iorga""",Strada Doctor Barcianu,,13_Sc.Gimn.N.Iorga_Circumscriptia13.pdf
scoala_nicolae_iorga,"Școala Gimnazială ""Nicolae Iorga""",Calea Dumbrăvii,dinsprescoala,13_Sc.Gimn.N.Iorga_Circumscriptia13.pdf
scoala_nicolae_iorga,"Școala Gimnazială ""Nicolae Iorga""",Aleea Frații Buzești,,13_Sc.Gimn.N.Iorga_Circumscriptia13.pdf
scoala_nicolae_iorga,"Școala Gimnazială ""Nicolae Iorga""",Strada Gheorghe Dima,delaCaleaCisnadieipanalaP-taPrahovei,13_Sc.Gimn.N.Iorga_Circumscriptia13.pdf
scoala_nicolae_iorga,"Școala Gimnazială ""Nicolae Iorga""",Strada Lămâiței,,13_Sc.Gimn.N.Iorga_Circumscriptia13.pdf
scoala_nicolae_iorga,"Școala Gimnazială ""Nicolae Iorga""",Strada Marius Sturza,,13_Sc.Gimn.N.Iorga_Circumscriptia13.pdf
scoala_nicolae_iorga,"Școala Gimnazială ""Nicolae Iorga""",Strada Matei Millo,delaCaleaCisnadieipanalastr.Dr.Barcianu,13_Sc.Gimn.N.Iorga_Circumscriptia13.pdf
scoala_nicolae_iorga,"Școala Gimnazială ""Nicolae Iorga""",Strada Nicolae Iorga,"de la str.A.Pann pana la str. Ostiri integral,pana la colt cu B-dul",13_Sc.Gimn.N.Iorga_Circumscriptia13.pdf
scoala_nicolae_iorga,"Școala Gimnazială ""Nicolae Iorga""",Strada Siretului,dinNalea Cisnadiei pana la Intrarea Ariesului (ambele parti ale strazi),13_Sc.Gimn.N.Iorga_Circumscriptia13.pdf
scoala_regina_maria,"Școala Gimnazială ""Regina Maria""",Strada Avocat Ilie Măcelaru,,14_Sc.Gimn.ReginaMaria_Circumscriptia14.pdf
scoala_regina_maria,"Școala Gimnazială ""Regina Maria""",Strada Berăriei,,14_Sc.Gimn.ReginaMaria_Circumscriptia14.pdf
scoala_regina_maria,"Școala Gimnazială ""Regina Maria""",Strada Cetății,,14_Sc.Gimn.ReginaMaria_Circumscriptia14.pdf
scoala_regina_maria,"Școala Gimnazială ""Regina Maria""",Strada Constantin Noica,delastr.RevolutieipanalaB-dul V.Milea,14_Sc.Gimn.ReginaMaria_Circumscriptia14.pdf
scoala_regina_maria,"Școala Gimnazială ""Regina Maria""",Bulevardul Corneliu Coposu,,14_Sc.Gimn.ReginaMaria_Circumscriptia14.pdf
scoala_regina_maria,"Școala Gimnazială ""Regina Maria""",Strada Dobrun,,14_Sc.Gimn.ReginaMaria_Circumscriptia14.pdf
scoala_regina_maria,"Școala Gimnazială ""Regina Maria""",Strada Doctor Stefan Stanca,,14_Sc.Gimn.ReginaMaria_Circumscriptia14.pdf
scoala_regina_maria,"Școala Gimnazială ""Regina Maria""",Strada Emil Cioran,,14_Sc.Gimn.ReginaMaria_Circumscriptia14.pdf
scoala_regina_maria,"Școala Gimnazială ""Regina Maria""",Strada General Vasile Milea,delastr.RevolutieipanalaP-taUniri,14_Sc.Gimn.ReginaMaria_Circumscriptia14.pdf
scoala_regina_maria,"Școala Gimnazială ""Regina Maria""",Strada Justiției,,14_Sc.Gimn.ReginaMaria_Circumscriptia14.pdf
scoala_regina_maria,"Școala Gimnazială ""Regina Maria""",Strada Lomonosov,,14_Sc.Gimn.ReginaMaria_Circumscriptia14.pdf
scoala_regina_maria,"Școala Gimnazială ""Regina Maria""",Strada Mărășești,,14_Sc.Gimn.ReginaMaria_Circumscriptia14.pdf
scoala_regina_maria,"Școala Gimnazială ""Regina Maria""",Strada Mărăști,,14_Sc.Gimn.ReginaMaria_Circumscriptia14.pdf
scoala_regina_maria,"Școala Gimnazială ""Regina Maria""",Aleea Mihai Eminescu,,14_Sc.Gimn.ReginaMaria_Circumscriptia14.pdf
scoala_regina_maria,"Școala Gimnazială ""Regina Maria""",Strada Nicolaus Olahus,,14_Sc.Gimn.ReginaMaria_Circumscriptia14.pdf
scoala_regina_maria,"Școala Gimnazială ""Regina Maria""",Strada Octavian Goga,delaintersectiacustr.D-trieAnghel panalastr.NicolausOlahus,14_Sc.Gimn.ReginaMaria_Circumscriptia14.pdf
scoala_regina_maria,"Școala Gimnazială ""Regina Maria""",Strada Oituz,"delaB-dulV.Mileapanalastr.Hipodromului integral,panalaP-",14_Sc.Gimn.ReginaMaria_Circumscriptia14.pdf
scoala_regina_maria,"Școala Gimnazială ""Regina Maria""",Strada Radu Stanca,,14_Sc.Gimn.ReginaMaria_Circumscriptia14.pdf
scoala_regina_maria,"Școala Gimnazială ""Regina Maria""",Strada Rennes,,14_Sc.Gimn.ReginaMaria_Circumscriptia14.pdf
scoala_regina_maria,"Școala Gimnazială ""Regina Maria""",Strada Revoluției,,14_Sc.Gimn.ReginaMaria_Circumscriptia14.pdf
scoala_regina_maria,"Școala Gimnazială ""Regina Maria""",Strada Școala de Înot,,14_Sc.Gimn.ReginaMaria_Circumscriptia14.pdf
scoala_regina_maria,"Școala Gimnazială ""Regina Maria""",Strada Someșului,,14_Sc.Gimn.ReginaMaria_Circumscriptia14.pdf
scoala_regina_maria,"Școala Gimnazială ""Regina Maria""",Piața Unirii,,14_Sc.Gimn.ReginaMaria_Circumscriptia14.pdf
scoala_regina_maria,"Școala Gimnazială ""Regina Maria""",Bulevardul Victoriei,delaintersectiacustr.GheSoimapanalastr.Andrei Saguna,14_Sc.Gimn.ReginaMaria_Circumscriptia14.pdf
scoala_regina_maria,"Școala Gimnazială ""Regina Maria""",Strada Zaharia Boiu,,14_Sc.Gimn.ReginaMaria_Circumscriptia14.pdf
scoala_regele_ferdinand,"Școala Gimnazială ""Regele Ferdinand""",Strada Cantonului,,15_Sc.Gimn.RegeleFerdinand_Circumscriptia15.pdf
scoala_regele_ferdinand,"Școala Gimnazială ""Regele Ferdinand""",Strada Caprelor,,15_Sc.Gimn.RegeleFerdinand_Circumscriptia15.pdf
scoala_regele_ferdinand,"Școala Gimnazială ""Regele Ferdinand""",Strada Ceferiștilor,,15_Sc.Gimn.RegeleFerdinand_Circumscriptia15.pdf
scoala_regele_ferdinand,"Școala Gimnazială ""Regele Ferdinand""",Strada Dragoș Vodă,,15_Sc.Gimn.RegeleFerdinand_Circumscriptia15.pdf
scoala_regele_ferdinand,"Școala Gimnazială ""Regele Ferdinand""",Strada Iezer,,15_Sc.Gimn.RegeleFerdinand_Circumscriptia15.pdf
scoala_regele_ferdinand,"Școala Gimnazială ""Regele Ferdinand""",Strada Măgura,delaintersectiacustr.Surupanalaviaduct,15_Sc.Gimn.RegeleFerdinand_Circumscriptia15.pdf
scoala_regele_ferdinand,"Școala Gimnazială ""Regele Ferdinand""",Strada George Mihail Zamfirescu,,15_Sc.Gimn.RegeleFerdinand_Circumscriptia15.pdf
scoala_regele_ferdinand,"Școala Gimnazială ""Regele Ferdinand""",Strada Muncel,,15_Sc.Gimn.RegeleFerdinand_Circumscriptia15.pdf
scoala_regele_ferdinand,"Școala Gimnazială ""Regele Ferdinand""",Strada Negoveanu,de la str.Semaforului pana la str. Sureanu,15_Sc.Gimn.RegeleFerdinand_Circumscriptia15.pdf
scoala_regele_ferdinand,"Școala Gimnazială ""Regele Ferdinand""",Strada Păcii,,15_Sc.Gimn.RegeleFerdinand_Circumscriptia15.pdf
scoala_regele_ferdinand,"Școala Gimnazială ""Regele Ferdinand""",Strada Pantei,,15_Sc.Gimn.RegeleFerdinand_Circumscriptia15.pdf
scoala_regele_ferdinand,"Școala Gimnazială ""Regele Ferdinand""",Strada Semaforului,,15_Sc.Gimn.RegeleFerdinand_Circumscriptia15.pdf
scoala_regele_ferdinand,"Școala Gimnazială ""Regele Ferdinand""",Strada Ștefan cel Mare,,15_Sc.Gimn.RegeleFerdinand_Circumscriptia15.pdf
scoala_regele_ferdinand,"Școala Gimnazială ""Regele Ferdinand""",Strada Steflești,de la intersectia cu str.Negoveanu pana la str. Sureanu,15_Sc.Gimn.RegeleFerdinand_Circumscriptia15.pdf
scoala_regele_ferdinand,"Școala Gimnazială ""Regele Ferdinand""",Strada Șureanu,,15_Sc.Gimn.RegeleFerdinand_Circumscriptia15.pdf
scoala_regele_ferdinand,"Școala Gimnazială ""Regele Ferdinand""",Strada Triajului,partea dinspre scoala,15_Sc.Gimn.RegeleFerdinand_Circumscriptia15.pdf
scoala_regele_ferdinand,"Școala Gimnazială ""Regele Ferdinand""",Strada Vasile Aaron,delastr.GiuseppeGaribaldipanalastr.Stefancel Mareintegral,15_Sc.Gimn.RegeleFerdinand_Circumscriptia15.pdf
scoala_radu_selejan,"Școala Gimnazială ""Radu Selejan""",Strada Electricienilor,,16_Sc.Gimn.RaduSelejan_Circumscriptia16.pdf
scoala_radu_selejan,"Școala Gimnazială ""Radu Selejan""",Strada General Vasile Milea,"de la intersectie spre str. Moldoveanu spre iesirea din oras, partea dinspre scoala",16_Sc.Gimn.RaduSelejan_Circumscriptia16.pdf
scoala_radu_selejan,"Școala Gimnazială ""Radu Selejan""",Strada Ioan Budai Deleanu,,16_Sc.Gimn.RaduSelejan_Circumscriptia16.pdf
scoala_radu_selejan,"Școala Gimnazială ""Radu Selejan""",Strada Liliacului,,16_Sc.Gimn.RaduSelejan_Circumscriptia16.pdf
scoala_radu_selejan,"Școala Gimnazială ""Radu Selejan""",Strada Moldoveanu,"delaB-dulV.Mileapanalaint.custr.Samuel MicuKlein,parteadinsprescoala",16_Sc.Gimn.RaduSelejan_Circumscriptia16.pdf
scoala_radu_selejan,"Școala Gimnazială ""Radu Selejan""",Strada Negoveanu,delaB-dul V.Mileapanala str.Sureanu,16_Sc.Gimn.RaduSelejan_Circumscriptia16.pdf
scoala_radu_selejan,"Școala Gimnazială ""Radu Selejan""",Strada Oașa,,16_Sc.Gimn.RaduSelejan_Circumscriptia16.pdf
scoala_radu_selejan,"Școala Gimnazială ""Radu Selejan""",Strada Oncești,,16_Sc.Gimn.RaduSelejan_Circumscriptia16.pdf
scoala_radu_selejan,"Școala Gimnazială ""Radu Selejan""",Strada Paltinul,,16_Sc.Gimn.RaduSelejan_Circumscriptia16.pdf
scoala_radu_selejan,"Școala Gimnazială ""Radu Selejan""",Strada Profesor Petru Șpan,,16_Sc.Gimn.RaduSelejan_Circumscriptia16.pdf
scoala_radu_selejan,"Școala Gimnazială ""Radu Selejan""",Strada Semaforului,delaB-dulV.Mileapanalastr.Sureanu,16_Sc.Gimn.RaduSelejan_Circumscriptia16.pdf
scoala_radu_selejan,"Școala Gimnazială ""Radu Selejan""",Strada Șoimului,,16_Sc.Gimn.RaduSelejan_Circumscriptia16.pdf
scoala_radu_selejan,"Școala Gimnazială ""Radu Selejan""",Strada Steflești,,16_Sc.Gimn.RaduSelejan_Circumscriptia16.pdf
scoala_radu_selejan,"Școala Gimnazială ""Radu Selejan""",Aleea Valea Frumoasei,,16_Sc.Gimn.RaduSelejan_Circumscriptia16.pdf
scoala_radu_selejan,"Școala Gimnazială ""Radu Selejan""",Strada Vasile Aaron,"delaB-dul V.Milea pana taint.cu str.G.Garibaldi, integral",16_Sc.Gimn.RaduSelejan_Circumscriptia16.pdf
liceu_octavian_goga,"Colegiul Național ""Octavian Goga""",Șoseaua Alba Iulia,"delastr.Bastionuluipanalastr.O.Ghibuintegral,panalastr.Malului,",17_Col.Nat.O.GogaSibiu_Circumscriptia17.pdf
liceu_octavian_goga,"Colegiul Național ""Octavian Goga""",Strada Alexandru Donici,,17_Col.Nat.O.GogaSibiu_Circumscriptia17.pdf
liceu_octavian_goga,"Colegiul Național ""Octavian Goga""",Strada Alexandru Odobescu,,17_Col.Nat.O.GogaSibiu_Circumscriptia17.pdf
liceu_octavian_goga,"Colegiul Național ""Octavian Goga""",Strada Alexandru Xenopol,,17_Col.Nat.O.GogaSibiu_Circumscriptia17.pdf
liceu_octavian_goga,"Colegiul Național ""Octavian Goga""",Strada Arhivelor,,17_Col.Nat.O.GogaSibiu_Circumscriptia17.pdf
liceu_octavian_goga,"Colegiul Național ""Octavian Goga""",Piața Armelor,,17_Col.Nat.O.GogaSibiu_Circumscriptia17.pdf
liceu_octavian_goga,"Colegiul Național ""Octavian Goga""",Strada Băii,,17_Col.Nat.O.GogaSibiu_Circumscriptia17.pdf
liceu_octavian_goga,"Colegiul Național ""Octavian Goga""",Strada Banatului,,17_Col.Nat.O.GogaSibiu_Circumscriptia17.pdf
liceu_octavian_goga,"Colegiul Național ""Octavian Goga""",Strada Bastionului,,17_Col.Nat.O.GogaSibiu_Circumscriptia17.pdf
liceu_octavian_goga,"Colegiul Național ""Octavian Goga""",Strada Centumvirilor,,17_Col.Nat.O.GogaSibiu_Circumscriptia17.pdf
liceu_octavian_goga,"Colegiul Național ""Octavian Goga""",Strada Cojocarilor,,17_Col.Nat.O.GogaSibiu_Circumscriptia17.pdf
liceu_octavian_goga,"Colegiul Național ""Octavian Goga""",Strada Crișanei,,17_Col.Nat.O.GogaSibiu_Circumscriptia17.pdf
liceu_octavian_goga,"Colegiul Național ""Octavian Goga""",Strada Croitorilor,,17_Col.Nat.O.GogaSibiu_Circumscriptia17.pdf
liceu_octavian_goga,"Colegiul Național ""Octavian Goga""",Strada Dârstelor,,17_Col.Nat.O.GogaSibiu_Circumscriptia17.pdf
liceu_octavian_goga,"Colegiul Național ""Octavian Goga""",Strada Dealului,,17_Col.Nat.O.GogaSibiu_Circumscriptia17.pdf
liceu_octavian_goga,"Colegiul Național ""Octavian Goga""",Strada Dogarilor,,17_Col.Nat.O.GogaSibiu_Circumscriptia17.pdf
liceu_octavian_goga,"Colegiul Național ""Octavian Goga""",Strada Ion Ratiu,,17_Col.Nat.O.GogaSibiu_Circumscriptia17.pdf
liceu_octavian_goga,"Colegiul Național ""Octavian Goga""",Aleea Filozofilor,,17_Col.Nat.O.GogaSibiu_Circumscriptia17.pdf
liceu_octavian_goga,"Colegiul Național ""Octavian Goga""",Piața Friedrichschiller,,17_Col.Nat.O.GogaSibiu_Circumscriptia17.pdf
liceu_octavian_goga,"Colegiul Național ""Octavian Goga""",Strada George Coșbuc,,17_Col.Nat.O.GogaSibiu_Circumscriptia17.pdf
liceu_octavian_goga,"Colegiul Național ""Octavian Goga""",Strada Gheorghe Barițiu,,17_Col.Nat.O.GogaSibiu_Circumscriptia17.pdf
liceu_octavian_goga,"Colegiul Național ""Octavian Goga""",Strada Ioan Lupaș,,17_Col.Nat.O.GogaSibiu_Circumscriptia17.pdf
liceu_octavian_goga,"Colegiul Național ""Octavian Goga""",Strada Konradhass,,17_Col.Nat.O.GogaSibiu_Circumscriptia17.pdf
liceu_octavian_goga,"Colegiul Național ""Octavian Goga""",Strada Măsarilor,,17_Col.Nat.O.GogaSibiu_Circumscriptia17.pdf
liceu_octavian_goga,"Colegiul Național ""Octavian Goga""",Strada Mitropoliei,,17_Col.Nat.O.GogaSibiu_Circumscriptia17.pdf
liceu_octavian_goga,"Colegiul Național ""Octavian Goga""",Strada Nicolae Bălcescu,,17_Col.Nat.O.GogaSibiu_Circumscriptia17.pdf
liceu_octavian_goga,"Colegiul Național ""Octavian Goga""",Strada Pânzarilor,,17_Col.Nat.O.GogaSibiu_Circumscriptia17.pdf
liceu_octavian_goga,"Colegiul Național ""Octavian Goga""",Strada Alexandru Papiu-Ilarian,,17_Col.Nat.O.GogaSibiu_Circumscriptia17.pdf
liceu_octavian_goga,"Colegiul Național ""Octavian Goga""",Pasajul Petofisandor,,17_Col.Nat.O.GogaSibiu_Circumscriptia17.pdf
liceu_octavian_goga,"Colegiul Național ""Octavian Goga""",Strada Poet Vasile Cârlova,Adelastr.Transilvanieipanalaint.cuSos.Albalulia,17_Col.Nat.O.GogaSibiu_Circumscriptia17.pdf
liceu_octavian_goga,"Colegiul Național ""Octavian Goga""",Strada Poștei,,17_Col.Nat.O.GogaSibiu_Circumscriptia17.pdf
liceu_octavian_goga,"Colegiul Național ""Octavian Goga""",Strada Samuel Brukenthal,,17_Col.Nat.O.GogaSibiu_Circumscriptia17.pdf
liceu_octavian_goga,"Colegiul Național ""Octavian Goga""",Strada Targupestelui,,17_Col.Nat.O.GogaSibiu_Circumscriptia17.pdf
liceu_octavian_goga,"Colegiul Național ""Octavian Goga""",Strada Telefoanelor,,17_Col.Nat.O.GogaSibiu_Circumscriptia17.pdf
liceu_octavian_goga,"Colegiul Național ""Octavian Goga""",Strada Timotei Popovici,,17_Col.Nat.O.GogaSibiu_Circumscriptia17.pdf
liceu_octavian_goga,"Colegiul Național ""Octavian Goga""",Strada Tipografilor,,17_Col.Nat.O.GogaSibiu_Circumscriptia17.pdf
liceu_octavian_goga,"Colegiul Național ""Octavian Goga""",Strada Transilvaniei,"delaB-dulVictorieipanalastr.V.Carlova,parteadinsprescoala",17_Col.Nat.O.GogaSibiu_Circumscriptia17.pdf
liceu_octavian_goga,"Colegiul Național ""Octavian Goga""",Strada Tribunei,,17_Col.Nat.O.GogaSibiu_Circumscriptia17.pdf
liceu_octavian_goga,"Colegiul Național ""Octavian Goga""",Strada Tudor Arghezi,,17_Col.Nat.O.GogaSibiu_Circumscriptia17.pdf
liceu_andrei_saguna,"Colegiul Național Pedagogic ""Andrei Șaguna""",Aleea Biruinței,,18_Col.Nat.PedagogicA.Saguna_Circumscriptia18.pdf
liceu_andrei_saguna,"Colegiul Național Pedagogic ""Andrei Șaguna""",Aleea Buia,,18_Col.Nat.PedagogicA.Saguna_Circumscriptia18.pdf
liceu_andrei_saguna,"Colegiul Național Pedagogic ""Andrei Șaguna""",Strada Dorului,,18_Col.Nat.PedagogicA.Saguna_Circumscriptia18.pdf
liceu_andrei_saguna,"Colegiul Național Pedagogic ""Andrei Șaguna""",Strada Gorăslău,,18_Col.Nat.PedagogicA.Saguna_Circumscriptia18.pdf
liceu_andrei_saguna,"Colegiul Național Pedagogic ""Andrei Șaguna""",Strada Hipodromului,delaint.cu str.Miraslaupana laint.cu CaleaDumbravii,18_Col.Nat.PedagogicA.Saguna_Circumscriptia18.pdf
liceu_andrei_saguna,"Colegiul Național Pedagogic ""Andrei Șaguna""",Bulevardul Mihai Viteazul,dinCaleaDumbraviipanaindreptulAleii TurnuRosu,18_Col.Nat.PedagogicA.Saguna_Circumscriptia18.pdf
liceu_andrei_saguna,"Colegiul Național Pedagogic ""Andrei Șaguna""",Strada Mirăslău,delaint.cuHipodromuluipana laint.cuAleeaBiruintei,18_Col.Nat.PedagogicA.Saguna_Circumscriptia18.pdf
liceu_andrei_saguna,"Colegiul Național Pedagogic ""Andrei Șaguna""",Strada Oituz,de la int.cu Hipodromului pana la int.cuB-dul MihaiViteazul,18_Col.Nat.PedagogicA.Saguna_Circumscriptia18.pdf
liceu_andrei_saguna,"Colegiul Național Pedagogic ""Andrei Șaguna""",Aleea Turnu Roșu,,18_Col.Nat.PedagogicA.Saguna_Circumscriptia18.pdf
liceu_constantin_noica,"Liceul Teoretic ""Constantin Noica""",Strada Brândușei,,19_Lic.TeoreticConstantinNoica_Circumscriptia19.pdf
liceu_constantin_noica,"Liceul Teoretic ""Constantin Noica""",Calea Cisnădiei,"delastr.Plugarilorpanalaiesireadinoras,parteadinsprescoala",19_Lic.TeoreticConstantinNoica_Circumscriptia19.pdf
liceu_constantin_noica,"Liceul Teoretic ""Constantin Noica""",Strada Dumbrăviței,,19_Lic.TeoreticConstantinNoica_Circumscriptia19.pdf
liceu_constantin_noica,"Liceul Teoretic ""Constantin Noica""",Strada Gențianei,,19_Lic.TeoreticConstantinNoica_Circumscriptia19.pdf
liceu_constantin_noica,"Liceul Teoretic ""Constantin Noica""",Strada Merișorului,,19_Lic.TeoreticConstantinNoica_Circumscriptia19.pdf
liceu_constantin_noica,"Liceul Teoretic ""Constantin Noica""",Bulevardul Mihai Viteazul,"dela int.custr.N.lorgapanala int.cu str.Rahovei,partea dinsprescoala",19_Lic.TeoreticConstantinNoica_Circumscriptia19.pdf
liceu_constantin_noica,"Liceul Teoretic ""Constantin Noica""",Strada Nicolae Iorga,"intrestr.OstirisiB-dulMihaiViteazul,parteadinsprescoala",19_Lic.TeoreticConstantinNoica_Circumscriptia19.pdf
liceu_constantin_noica,"Liceul Teoretic ""Constantin Noica""",Strada Oștirii,,19_Lic.TeoreticConstantinNoica_Circumscriptia19.pdf
liceu_constantin_noica,"Liceul Teoretic ""Constantin Noica""",Strada Plugarilor,,19_Lic.TeoreticConstantinNoica_Circumscriptia19.pdf
liceu_constantin_noica,"Liceul Teoretic ""Constantin Noica""",Strada Rahovei,delaint.cub-dulMihaiViteazulpanalacaleaCisnadiei,19_Lic.TeoreticConstantinNoica_Circumscriptia19.pdf
liceu_constantin_noica,"Liceul Teoretic ""Constantin Noica""",Strada Salviei,,19_Lic.TeoreticConstantinNoica_Circumscriptia19.pdf
liceu_constantin_noica,"Liceul Teoretic ""Constantin Noica""",Strada Sânzienelor,,19_Lic.TeoreticConstantinNoica_Circumscriptia19.pdf
liceu_constantin_noica,"Liceul Teoretic ""Constantin Noica""",Aleea Seviș,,19_Lic.TeoreticConstantinNoica_Circumscriptia19.pdf
liceu_constantin_noica,"Liceul Teoretic ""Constantin Noica""",Aleea Șteaza,,19_Lic.TeoreticConstantinNoica_Circumscriptia19.pdf
liceu_constantin_noica,"Liceul Teoretic ""Constantin Noica""",Aleea Streiu,,19_Lic.TeoreticConstantinNoica_Circumscriptia19.pdf
liceu_constantin_noica,"Liceul Teoretic ""Constantin Noica""",Aleea Taberei,,19_Lic.TeoreticConstantinNoica_Circumscriptia19.pdf
liceu_constantin_noica,"Liceul Teoretic ""Constantin Noica""",Strada Toporașilor,,19_Lic.TeoreticConstantinNoica_Circumscriptia19.pdf
