"Numele străzii Alba Iulia Alexandru Donici Andreai Saguna","Lungimea str. (m) ","Lungime parcări pe trotuare  ","Lungime piste de bicicletă ","Lungimea trotuarului(m) ","Lățime tramă stradală (m) ","Lățimea carosabilului (m) ","grad ocupare stradă % ","grad ocupare tortuar % ","Lățimea tortuar 1 ","Lățimea tortuar 2 ","Lațimea parcare 1 ","Lațimea parcare 2 ","Gradul de ocupare tortuar 1 (%) ","Gradul de ocupare tortuar 2 (%) ","zona libera trotuar 1 ","zona libera trotuar 2 ","Lățime pista biciclete 1 ","Lățime pista biciclete 2 ","Zona verde 1 ","Zona verde 2 ","","","","","","","","","","","","","","","","","",""
"Avocat Macelaru Ilie","","","","","","10.00","","","2.6","1.8","","","","","","","","","","1","","","","","","","","","","","","","","","","","",""
"Baii","","","","","","","","","","","","","","","","","","","","","","","","","","","","","","","","","","","","","",""
"Bdul Victoriei 1","","","","","","12.00","","","2.1","2","","","","","","","1","","","","","","","","","","","","","","","","","","","","",""
"Bdul Victoriei 2","","","","","","9.50","","","3.4","2.4","","","","","","","","","","","","","","","","","","","","","","","","","","","",""
"Berariei","","","","","","","","","","","","","","","","","","","","","","","","","","","","","","","","","","","","","",""
"Blvd. Corneliu Coposu","","","","","","","","","","","","","","","","","","","","","","","","","","","","","","","","","","","","","",""
"Calea Dumbravii","","","","","","11.60","","","6.3","2","","","","","","","1.1","1.3","","","","","","","","","","","","","","","","","","","",""
"Castelului","","","","","","","","","","","","","","","","","","","","","","","","","","","","","","","","","","","","","",""
"Constantin Brancoveanu","","","","","","","","","","","","","","","","","","","","","","","","","","","","","","","","","","","","","",""
"Constantin Brancusi","","","","","","","","","","","","","","","","","","","","","","","","","","","","","","","","","","","","","",""
"Constantin Noica","","","","","","","","","","","","","","","","","","","","","","","","","","","","","","","","","","","","","",""
"Constitutiei","","","","","","","","","","","","","","","","","","","","","","","","","","","","","","","","","","","","","",""
"Crisanei","","","","","","","","","","","","","","","","","","","","","","","","","","","","","","","","","","","","","",""
"Dealului","","","","","","","","","","","","","","","","","","","","","","","","","","","","","","","","","","","","","",""
"Dobrun","","","","","","","","","","","","","","","","","","","","","","","","","","","","","","","","","","","","","",""
"Doctor Ion Ratiu","","","","","","","","","","","","","","","","","","","","","","","","","","","","","","","","","","","","","",""
"Doctor Stefan Stanca","","","","","","5.80","","","2","2","","","","","","","","","","","","","","","","","","","","","","","","","","","",""
"Emil Cioran","","","","","","","","","","","","","","","","","","","","","","","","","","","","","","","","","","","","","",""
"Funarilor","","","","","","","","","","","","","","","","","","","","","","","","","","","","","","","","","","","","","",""
"George Cosbuc","","","","","","","","","","","","","","","","","","","","","","","","","","","","","","","","","","","","","",""
"Gimnasticii","","","","","","","","","","","","","","","","","","","","","","","","","","","","","","","","","","","","","",""
"Herman Oberth","","","","","","","","","","","","","","","","","","","","","","","","","","","","","","","","","","","","","",""
"Independentei","","","","","","","","","","","","","","","","","","","","","","","","","","","","","","","","","","","","","",""
"Justitiei","","","","","","7.00","","","2.6","2.2","","","","","","","","","3.9","3.4","","","","","","","","","","","","","","","","","",""
"Lucian Blaga","","","","","","","","","","","","","","","","","","","","","","","","","","","","","","","","","","","","","",""
"Manejului","","","","","","","","","","","","","","","","","","","","","","","","","","","","","","","","","","","","","",""
"Marasesti","","","","","","5.80","","","1.7","1.8","0.7","0.8","","","","","","","","","","","","","","","","","","","","","","","","","",""
"Marasti","","","","","","5.30","","","2.3","2","1.3","0.8","","","","","","","","","","","","","","","","","","","","","","","","","",""
"Mikhail V. Lomonosov","","","","","","11.60","","","1.7","1.7","","","","","","","0.8","","","","","","","","","","","","","","","","","","","","",""
"Nicolaus Olahus","","","","","","","","","","","","","","","","","","","","","","","","","","","","","","","","","","","","","",""
"Parcul Tineretului","","","","","","","","","","","","","","","","","","","","","","","","","","","","","","","","","","","","","",""
"Pescarilor","","","","","","","","","","","","","","","","","","","","","","","","","","","","","","","","","","","","","",""
"Piata Aurel Vlaicu","","","","","","","","","","","","","","","","","","","","","","","","","","","","","","","","","","","","","",""
"Piata Teatrului","","","","","","","","","","","","","","","","","","","","","","","","","","","","","","","","","","","","","",""
"Piata Unirii","","","","","","","","","","","","","","","","","","","","","","","","","","","","","","","","","","","","","",""
"Planetei","","","","","","","","","","","","","","","","","","","","","","","","","","","","","","","","","","","","","",""
"Pluto","","","","","","","","","","","","","","","","","","","","","","","","","","","","","","","","","","","","","",""
"Radu Stanca","","","","","","","","","","","","","","","","","","","","","","","","","","","","","","","","","","","","","",""
"Rennes","","","","","","7.10","","","1.8","0.8","","","","","","","","","","","","","","","","","","","","","","","","","","","",""
"Revolutiei","","","","","","","","","","","","","","","","","","","","","","","","","","","","","","","","","","","","","",""
"Scoala de Inot","","","","","","14.00","","","2.7","1.4","","","","","","","","2.6","12","4.4","","","","","","","","","","","","","","","","","",""
"Soarelui","","","","","","","","","","","","","","","","","","","","","","","","","","","","","","","","","","","","","",""
"Somesului 1","","","","","","6.80","","","1.7","1.6","","","","","","","","","","","","","","","","","","","","","","","","","","","",""
"Somesului 2*","","","","","","11.80","","","2.2","2","","","","","","1.1","","","","","","","","","","","","","","","","","","","","","",""
"Transilvaniei","","","","","","","","","","","","","","","","","","","","","","","","","","","","","","","","","","","","","",""
"Tudor Arghezi","","","","","","","","","","","","","","","","","","","","","","","","","","","","","","","","","","","","","",""
"Turnatoriei","","","","","","","","","","","","","","","","","","","","","","","","","","","","","","","","","","","","","",""
"Uzinei","","","","","","","","","","","","","","","","","","","","","","","","","","","","","","","","","","","","","",""
"Uzinei","","","","","","","","","","","","","","","","","","","","","","","","","","","","","","","","","","","","","",""
"Verii","","","","","","","","","","","","","","","","","","","","","","","","","","","","","","","","","","","","","",""
"Zaharia Boiu","","","","","","12.60","","","2.5","2.1","","","","","","","","","","","","","","","","","","","","","","","","","","","",""